article_id,title,family,file,line,direct_ch1_refs,inferred_ch1_basis,tetrad_terms,aims,material_signals,measurement_families,ch5_refs,odef_refs,owner_refs,status
I,Environmental Survival,survival/resources,core_06_rights_part_a.md,222,2; 3.1; 3.2; 6; 11; linked,2; 3.1; 3.2; 6.1; 6.1.5; 6.2; 6.3; 7; 8; 9; 9.2; 10; 10.1; 11; 12; 13,participation; oversight; accountability; timeliness,flourishing; continuity,material stake,Wellbeing; Safety / Harm / Risk; Survival-floor access; Avoidable Burden; Productive Capacity; Ecological Footprint / Environmental Preconditions; Truth / Epistemic Integrity,Environmental Preconditions,,Article I; Chapter Five; Chapter One; core_00_preamble.md; core_01_a_values_principles.md; core_01_b_interaction_interpretation.md; core_01_c_stewardship_capacity_principles.md; core_05_band_continuity.md,complete
I-A,Environmental Preconditions and Ecological Integrity,survival/resources,core_06_rights_part_a.md,249,2; 3.1; 6.1.5; linked,2; 3.1; 6.1; 6.1.5; 6.3; 7; 8,participation,continuity,,Wellbeing; Safety / Harm / Risk; Survival-floor access; Avoidable Burden; Ecological Footprint / Environmental Preconditions,Animal Life; Contested-Sentient Life; Ecological Integrity; Elevated Communicative Life; Environmental Preconditions; Natural Systems Standing; Sentience Non-Exclusion; Sentience Status Adjudication; Sustainability; Wellbeing,,Article VI-B; Chapter Eight; Chapter Five; Chapter One; core_01_a_values_principles.md; core_01_b_interaction_interpretation.md; core_05_band_continuity.md; core_05_band_participation.md; core_08_a_system_alignment_certification_evaluation.md; core_16_amendment_ratification.md,complete
I-B,Ecological Footprint and Transparency,survival/resources,core_06_rights_part_a.md,308,3.2; 6.2; linked,2; 3.1; 3.2; 6.2; 7; 8; 11; 12; 13,oversight; accountability,continuity,material impact,Survival-floor access; Avoidable Burden; Ecological Footprint / Environmental Preconditions; Dependency / Resource Flow; Accessibility; Truth / Epistemic Integrity; Privacy / Data Stewardship,Ecological Footprint; Epistemic Integrity; Material Impact; Materially Binding Act; Transparency,,Article I; Article I-B; Article XVI-C; Chapter Eight; Chapter Five; Chapter One; core_01_a_values_principles.md; core_01_b_interaction_interpretation.md; core_05_band_accountability.md; core_05_band_continuity.md; core_05_band_oversight.md; core_08_a_system_alignment_certification_evaluation.md,complete
I-C,Intergenerational Responsibility,survival/resources,core_06_rights_part_a.md,343,2; 3.1; 15; linked,2; 3.1; 3.2; 6.1; 6.2; 6.3; 7; 8; 9; 9.2; 11; 12; 13,oversight,continuity,materiality,Wellbeing; Safety / Harm / Risk; Survival-floor access; Avoidable Burden; Productive Capacity; Ecological Footprint / Environmental Preconditions; Truth / Epistemic Integrity,"**Def.I1** *Ecological Integrity, Footprint, and Sustainability*; Chapter Five *Indigenous Continuity, Language, Culture, and Heritage*; Environmental Preconditions; Intergenerational Responsibility; Materiality",,Chapter Five; Chapter One; core_01_a_values_principles.md; core_01_c_stewardship_capacity_principles.md; core_05_band_continuity.md; core_05_band_oversight.md,complete
I-D,Existential Risk and Ecological Recovery Capacity,survival/resources,core_06_rights_part_a.md,375,3.1; 6.1; 15; linked,2; 3.1; 3.2; 6.1; 6.2; 6.3; 7; 8; 9; 9.2; 10; 10.1; 11; 12; 13,oversight; accountability,continuity,,Safety / Harm / Risk; Survival-floor access; Avoidable Burden; Productive Capacity; Ecological Footprint / Environmental Preconditions; Resilience / Systemic Risk; Dependency / Resource Flow; Truth / Epistemic Integrity; Market Structure / Contestability; Timely Resolution,Act Record; Dependency; Ecological Recovery Capacity; Environmental Preconditions; Existential Risk; Foreseeability; Heightened Scrutiny; Intergenerational Responsibility; Reversibility; Safety (Constitutional Constraint); Self-Healing; Truth (Constitutional Constraint); highest scrutiny; materially binding act,,Article I-B; Chapter Five; Chapter One; core_01_a_values_principles.md; core_01_b_interaction_interpretation.md; core_01_c_stewardship_capacity_principles.md; core_03_definition_integrity.md; core_04_burden_traceability_verification.md; core_05_band_accountability.md; core_05_band_continuity.md; core_05_band_oversight.md; core_16_amendment_ratification.md,complete
II,Material Stewardship and Durable-Use Integrity,survival/resources,core_06_rights_part_a.md,427,2; 3.1; 3.2; 9; 9.1; linked,2; 3.1; 3.2; 6.1; 6.2; 6.3; 7; 8; 9; 9.2; 11; 12; 13,participation; oversight; accountability; timeliness,flourishing; continuity,material stake; materiality,Wellbeing; Safety / Harm / Risk; Survival-floor access; Avoidable Burden; Productive Capacity; Ecological Footprint / Environmental Preconditions; Truth / Epistemic Integrity; Privacy / Data Stewardship,,,Article I; Article II; Chapter Five; Chapter One; core_00_preamble.md; core_01_a_values_principles.md; core_01_c_stewardship_capacity_principles.md; core_17_incorporation.md,complete
II-A,Material Stewardship and Lifecycle Honesty,survival/resources,core_06_rights_part_a.md,459,3.2; 6.1; linked,3.2; 4; 6.2; 7; 8; 9; 9.2,oversight,continuity,materiality,Avoidable Burden; Ecological Footprint / Environmental Preconditions; Accessibility; Truth / Epistemic Integrity; Privacy / Data Stewardship; Trustworthiness,Ecological Footprint; Intergenerational Responsibility; Materiality,,Article I-B; Article I-C; Article XIII; Article XIII-C; Chapter Eight; Chapter Five; Chapter One; core_01_a_values_principles.md; core_01_b_interaction_interpretation.md; core_05_band_continuity.md; core_05_band_oversight.md; core_08_a_system_alignment_certification_evaluation.md,complete
II-B,"Repair, Maintenance, and Independent Servicing",survival/resources,core_06_rights_part_a.md,498,3.1; 3.2; 6.1; linked,3.1; 3.2; 6.1; 6.1.5; 6.2; 6.3; 7; 8; 10; 10.1; 11; 12; 13,accountability,continuity,,Safety / Harm / Risk; Dependency / Resource Flow; Truth / Epistemic Integrity,Dependency; Necessity; Proportionality,,Article XIII-D; Chapter One; core_01_a_values_principles.md; core_01_b_interaction_interpretation.md; core_05_band_accountability.md; core_05_band_continuity.md,complete
II-C,Designed Obsolescence and Incentive Discipline,survival/resources,core_06_rights_part_a.md,535,3.1; 6.1; 11; 12; linked,3.1; 6.1; 6.1.5; 6.3; 7; 8; 9; 9.2; 10; 10.1; 11; 12; 13,oversight; accountability,,,Safety / Harm / Risk; Productive Capacity; Incentive Alignment / Proxy Integrity,Foreseeability; Incentive Alignment; Necessity; Proportionality,,Article XIII-D; Chapter One; core_01_a_values_principles.md; core_01_b_interaction_interpretation.md; core_01_c_stewardship_capacity_principles.md; core_05_band_accountability.md; core_05_band_integrative.md; core_05_band_oversight.md,complete
II-D,Post-Sale Access and Subscription Integrity,survival/resources,core_06_rights_part_a.md,567,3.2; 5; 11; linked,3.1; 3.2; 4; 5; 5.1; 6.1; 6.1.5; 6.2; 6.3; 7; 8; 9; 9.2; 10; 10.1; 11; 12; 13,participation; oversight; accountability,continuity,,Safety / Harm / Risk; Productive Capacity; Dependency / Resource Flow; Truth / Epistemic Integrity; Trustworthiness,Coercion and Manipulation; Consent; Dependency; Meaningful Agency; Necessity; Trust Degradation and Misleading Reliance; Truth (Constitutional Constraint),,Article X-C; Article XIII-C; Article XIII-D; Chapter Five; Chapter One; core_01_a_values_principles.md; core_01_c_stewardship_capacity_principles.md; core_05_band_accountability.md; core_05_band_continuity.md; core_05_band_oversight.md; core_05_band_participation.md,complete
II-E,Data Handling and Network Dependency,survival/resources,core_06_rights_part_a.md,601,3.1; 6.1; linked,3.1; 3.2; 4; 5; 5.1; 6.1; 6.1.5; 6.2; 6.3; 7; 8; 11; 12; 13,participation; oversight; accountability,continuity,materiality,Safety / Harm / Risk; Dependency / Resource Flow; Truth / Epistemic Integrity; Privacy / Data Stewardship; Trustworthiness; Market Structure / Contestability,Act Records; Attribution Integrity; Consent; Dependency; Evidence Preservation; Materiality; Necessity; Privacy (Informational); Standing Records,CJS-3.17; CJS-3.18,Article IX-B; Article XIII-A; Article XVI; Article XXI-A; Article XXVII-A; Chapter Eight; Chapter One; core_01_a_values_principles.md; core_01_b_interaction_interpretation.md; core_05_band_accountability.md; core_05_band_continuity.md; core_05_band_oversight.md; core_05_band_participation.md; core_06_rights_part_b.md; core_06_rights_part_d.md; core_06_rights_part_e.md; core_08_a_system_alignment_certification_evaluation.md; core_17_incorporation.md; corpus_systems.md,complete
II-F,Continuity and Operator Shutdown,survival/resources,core_06_rights_part_a.md,665,3.1; 6.1; 12.6; linked,3.1; 3.2; 5; 5.1; 6.1; 6.2; 6.3; 7; 8; 9; 9.2; 10; 10.1; 11; 12; 13,oversight; accountability,continuity,materiality,Safety / Harm / Risk; Avoidable Burden; Productive Capacity; Dependency / Resource Flow; Truth / Epistemic Integrity; Privacy / Data Stewardship; Market Structure / Contestability,Dependency; Intergenerational Responsibility; Materiality; Negligence,CJS-3.17; CJS-3.18,Article I-C; Article II; Article II-E; Chapter Eight; Chapter Five; Chapter One; core_01_a_values_principles.md; core_01_b_interaction_interpretation.md; core_01_c_stewardship_capacity_principles.md; core_05_band_accountability.md; core_05_band_continuity.md; core_05_band_oversight.md; core_08_a_system_alignment_certification_evaluation.md; core_10_standing_integration.md,complete
III,Survival and Essential Access,survival/resources,core_06_rights_part_a.md,711,2; 2.1; 2.1.1; 2.1.3; 3.1; 3.4; 5.1; 6; 9; linked,2; 3.1; 3.2; 6.1; 6.1.5; 6.2; 6.3; 7; 8; 9; 9.2; 10; 10.1; 11; 12; 13,participation; oversight; accountability; timeliness,flourishing; continuity,material stake,Wellbeing; Safety / Harm / Risk; Survival-floor access; Avoidable Burden; Productive Capacity; Ecological Footprint / Environmental Preconditions; Substantive Fairness; Accessibility; Educational Agency,Accessibility; Protected Characteristic; System Alignment Certification; necessary; proportionate; proxy,,Article I; Article II; Article III; Article IV; Article VI; Chapter Eight; Chapter Five; Chapter One; core_00_preamble.md; core_01_a_values_principles.md; core_01_b_interaction_interpretation.md; core_01_c_stewardship_capacity_principles.md; core_05_band_accountability.md; core_05_band_continuity.md; core_05_band_participation.md; core_08_a_system_alignment_certification_evaluation.md,complete
III-A,Survival,survival/resources,core_06_rights_part_a.md,755,2; 3.1; 5; linked,2; 3.1; 3.2; 4; 5; 5.1; 6.1; 6.1.5; 6.2; 6.3; 7; 8; 10; 10.1; 11; 12; 13,participation; oversight; accountability; timeliness,flourishing; continuity,,Wellbeing; Safety / Harm / Risk; Survival-floor access; Avoidable Burden; Ecological Footprint / Environmental Preconditions; Dependency / Resource Flow; Trustworthiness; Market Structure / Contestability; Timely Resolution,"**§3.7** *Bodily-Maintenance Access, Safe Conditions, Occupancy Continuity, Environmental Preconditions, Cultural Continuity, Rest, and Anti-Displacement Floor*; *Essential-Environment Non-Commodification*; *Occupancy Continuity*; Dependency; Essential-Environment Non-Commodification; Info-Sphere; Meaningful Agency; Necessity; Procedural Fairness; Proportionality; Safety (Constitutional Constraint); System Alignment Certification; Wellbeing",,Article XIII-A; Article XIII-B; Article XIX-B; Article XXV-C; Article XXVII-D; Chapter Eight; Chapter Five; Chapter One; core_00_preamble.md; core_01_a_values_principles.md; core_05_band_accountability.md; core_05_band_continuity.md; core_05_band_participation.md; core_06_rights_part_e.md; core_08_a_system_alignment_certification_evaluation.md,complete
III-B,Bodily-Maintenance and Healthcare Access,survival/resources,core_06_rights_part_a.md,801,2; 5; 5.1; linked,2; 3.1; 5; 5.1; 6.1; 6.1.5; 6.3; 7,participation; accountability,continuity,,Wellbeing; Safety / Harm / Risk; Survival-floor access; Avoidable Burden; Ecological Footprint / Environmental Preconditions; Substantive Fairness; Timely Resolution,"Bodily-Maintenance Access; Chapter Five §3.7 *Bodily-Maintenance Access, Safe Conditions, Occupancy Continuity, Environmental Preconditions, Cultural Continuity, Rest, and Anti-Displacement Floor*; Necessity; Proportionality; Protected Characteristics; Sentience Non-Exclusion; Substantive Fairness",,Article III; Article III-A; Article VI-A; Article VI-C; Article VII-A; Article VII-B; Article VII-C; Chapter Five; Chapter One; core_01_a_values_principles.md; core_05_band_accountability.md; core_05_band_continuity.md; core_05_band_participation.md; core_06_rights_part_b.md; core_12_forum.md,complete
III-C,Labor and Economic Floor,survival/resources,core_06_rights_part_a.md,854,2; 5; 5.1; 12.1.3; 14; 14.2; linked,2; 3.1; 5; 5.1; 6.1; 6.1.5; 6.3; 7; 9; 9.2; 11; 12; 13,participation; accountability,continuity,,Wellbeing; Safety / Harm / Risk; Survival-floor access; Avoidable Burden; Productive Capacity; Ecological Footprint / Environmental Preconditions; Dependency / Resource Flow; Substantive Fairness; Educational Agency; Market Structure / Contestability; Timely Resolution,"Anti-Displacement Floor; Chapter Five *Assembly, collective organization, and institutional formation*; Chapter Five §3.7 *Bodily-Maintenance Access, Safe Conditions, Occupancy Continuity, Environmental Preconditions, Cultural Continuity, Rest, and Anti-Displacement Floor*; Collective Organization; Fair Compensation; Indigenous Continuity; Language, Culture, and Heritage; Meaningful Agency; Necessity; Proportionality; Protected Characteristic Proxying and Disparate Impact; Protected Characteristics; Sentience Non-Exclusion; Substantive Fairness",CJS-3.11; cjs_03a_accountability_operations.md#cjs-3112-anti-domination-conduct-and-remediation-catalog,Article III; Article III-A; Article III-D; Article III-E; Article IV-A; Article VI-A; Article VI-C; Article X-A; Article X-C; Article XI-E; Article XIV-A; Article XIX; Chapter Five; Chapter One; core_01_a_values_principles.md; core_01_c_stewardship_capacity_principles.md; core_05_band_accountability.md; core_05_band_continuity.md; core_05_band_participation.md; core_06_rights_part_b.md; corpus_institutions.md; corpus_systems.md,complete
III-D,Safe Working Conditions,survival/resources,core_06_rights_part_a.md,919,2; 3.1; 5.1; linked,2; 3.1; 4; 6.1; 6.1.5; 6.3; 7,participation; oversight; accountability,continuity,,Wellbeing; Safety / Harm / Risk; Survival-floor access; Ecological Footprint / Environmental Preconditions; Substantive Fairness; Trustworthiness,"Adversarial, Scaled, and Exploited Conditions; Chapter Five §3.7 *Bodily-Maintenance Access, Safe Conditions, Occupancy Continuity, Environmental Preconditions, Cultural Continuity, Rest, and Anti-Displacement Floor*; Necessity; Proportionality; Safe Conditions; Safety (Constitutional Constraint); Sentience Non-Exclusion; Substantive Fairness",,Article III; Article III-C; Article III-E; Article XIII-A; Chapter Five; Chapter One; core_01_a_values_principles.md; core_05_band_accountability.md; core_05_band_continuity.md; core_05_band_oversight.md; core_05_band_participation.md; corpus_systems.md,complete
III-E,Rest and Recuperation,survival/resources,core_06_rights_part_a.md,957,2; 5; 5.1; linked,2; 3.1; 5; 5.1; 11; 12; 13,participation,continuity,,Wellbeing; Safety / Harm / Risk; Survival-floor access; Avoidable Burden; Productive Capacity; Ecological Footprint / Environmental Preconditions; Substantive Fairness,"Chapter Five §3.7 *Bodily-Maintenance Access, Safe Conditions, Occupancy Continuity, Environmental Preconditions, Cultural Continuity, Rest, and Anti-Displacement Floor*; Leisure and Rest; Meaningful Agency; Sentience Non-Exclusion; Substantive Fairness; Wellbeing",,Article III; Article III-C; Article III-D; Chapter Five; Chapter One; core_01_a_values_principles.md; core_05_band_continuity.md; core_05_band_participation.md,complete
IV,Right to Sentient-Centered Education,survival/resources,core_06_rights_part_a.md,989,2; 2.1; 2.1.1; 3.4; 5; 5.1; 8; linked,2; 3.1; 3.2; 5; 5.1; 6.1; 6.1.5; 6.2; 6.3; 7; 8; 9; 9.2,participation; oversight; accountability; timeliness,flourishing; continuity,material stake,Wellbeing; Survival-floor access; Avoidable Burden; Productive Capacity; Substantive Fairness; Accessibility; Educational Agency,Accessibility; Educational Agency; Meaningful Agency; Protected Characteristic; Protected Characteristics; Self-Determination; System Alignment Certification; necessary; proportionate; proxy,,Article III; Article IV; Chapter Eight; Chapter Five; Chapter One; core_00_preamble.md; core_01_a_values_principles.md; core_01_b_interaction_interpretation.md; core_05_band_accountability.md; core_05_band_continuity.md; core_05_band_participation.md; core_08_a_system_alignment_certification_evaluation.md,complete
IV-A,Equal Educational Access,survival/resources,core_06_rights_part_a.md,1039,2; 3.2; 5; 9.1; linked,2; 3.1; 3.2; 5; 5.1; 6.1; 6.1.5; 6.2; 6.3; 7; 8; 9; 9.2; 10; 10.1; 11; 12; 13,participation; accountability,,,Wellbeing; Safety / Harm / Risk; Productive Capacity; Ecological Footprint / Environmental Preconditions; Substantive Fairness; Accessibility; Educational Agency; Truth / Epistemic Integrity; Market Structure / Contestability,Accessibility; Educational Agency; Necessity; Proportionality; Protected Characteristics; Substantive Fairness,,Article IV; Chapter Five; Chapter One; core_01_a_values_principles.md; core_01_c_stewardship_capacity_principles.md; core_05_band_accountability.md; core_05_band_participation.md; core_06_rights_part_b.md,complete
IV-B,Capability-Building Education Right,survival/resources,core_06_rights_part_a.md,1076,2; 5; linked,2; 3.1; 5; 5.1; 11; 12; 13,participation,continuity,,Wellbeing; Productive Capacity; Educational Agency,Dignity and Equal Moral Standing; Educational Agency; Meaningful Agency; Self-Determination; Wellbeing,,Chapter Eight; Chapter One; core_01_a_values_principles.md; core_05_band_continuity.md; core_05_band_participation.md; core_08_a_system_alignment_certification_evaluation.md,complete
IV-C,Lifelong and Adaptive Learning and Contestability,survival/resources,core_06_rights_part_a.md,1107,3.2; 5; 11; linked,3.2; 5; 5.1; 6.2; 8; 9; 9.2; 10; 10.1; 11; 12; 13,participation; oversight; accountability,,,Productive Capacity; Accessibility; Educational Agency; Truth / Epistemic Integrity; Market Structure / Contestability,Auditability; Coercion and Manipulation; Contestability; Educational Agency; Meaningful Agency; Transparency,,Chapter One; core_01_a_values_principles.md; core_01_c_stewardship_capacity_principles.md; core_05_band_accountability.md; core_05_band_oversight.md; core_05_band_participation.md,complete
V,"Resource Allocation, Dependencies, and Ecosystem Funding",survival/resources,core_06_rights_part_a.md,1143,2; 3.1; 8; 12; 13; linked,2; 3.1; 3.2; 6.1; 6.2; 6.3; 7; 8; 9; 9.2; 10; 10.1; 11; 12; 13,participation; oversight; accountability; timeliness,flourishing; continuity,material stake,Wellbeing; Safety / Harm / Risk; Avoidable Burden; Productive Capacity; Dependency / Resource Flow; Proportionate Cross-System Support; Incentive Alignment / Proxy Integrity,System Alignment Certification,,Article V; Article V-A; Article V-B; Chapter Eight; Chapter One; core_00_preamble.md; core_01_a_values_principles.md; core_01_b_interaction_interpretation.md; core_01_c_stewardship_capacity_principles.md; core_05_band_continuity.md; core_08_a_system_alignment_certification_evaluation.md; core_08_b_system_alignment_certification_record_process.md,complete
V-A,Dependency Mapping and Resource-Flow Transparency,survival/resources,core_06_rights_part_a.md,1188,3.2; 11; linked,3.2; 6.2; 8; 9; 9.2; 10; 10.1; 11; 12; 13,participation; oversight,flourishing; continuity,,Wellbeing; Productive Capacity; Resilience / Systemic Risk; Dependency / Resource Flow; Proportionate Cross-System Support; Truth / Epistemic Integrity; Incentive Alignment / Proxy Integrity,Dependency; System Alignment Certification; System Boundary Integrity; System Certification Record; Transparency,,Article V-B; Article XVI-A; Chapter Eight; Chapter One; core_00_preamble.md; core_01_a_values_principles.md; core_01_c_stewardship_capacity_principles.md; core_05_band_continuity.md; core_05_band_oversight.md; core_08_a_system_alignment_certification_evaluation.md; core_08_b_system_alignment_certification_record_process.md; corpus_systems.md,complete
V-B,Cross-System Fairness and Sustainability,survival/resources,core_06_rights_part_a.md,1230,2; 6.1; 14; 14.1; linked,2; 3.1; 3.2; 4; 5; 5.1; 6.1; 6.2; 6.3; 7; 8; 9; 9.2; 10; 10.1; 11; 12; 13,participation; oversight; accountability; timeliness,flourishing; continuity,materiality,Wellbeing; Safety / Harm / Risk; Survival-floor access; Avoidable Burden; Productive Capacity; Ecological Footprint / Environmental Preconditions; Resilience / Systemic Risk; Dependency / Resource Flow; Proportionate Cross-System Support; Substantive Fairness; Trustworthiness; Market Structure / Contestability; Timely Resolution,"*Governance Architecture, Oversight, Dependency, Decentralization, Concentration, Market Structure, and Exit-Path Integrity*; Cross-System Extraction; Dependency; Ecological Footprint; Market Concentration Threshold; Materiality; Proportionate Cross-System Support; Substantive Fairness; System Alignment Certification",,Article V-A; Article XIII-A; Article XVI-A; Article XXV-C; Chapter Eight; Chapter One; core_00_preamble.md; core_01_a_values_principles.md; core_01_b_interaction_interpretation.md; core_01_c_stewardship_capacity_principles.md; core_05_band_accountability.md; core_05_band_continuity.md; core_05_band_oversight.md; core_05_band_participation.md; core_06_rights_part_b.md](core_06_rights_part_b.md; core_06_rights_part_c.md; core_08_a_system_alignment_certification_evaluation.md; core_08_b_system_alignment_certification_record_process.md; core_09-12_application_vignettes.md](core_09-12_application_vignettes.md,complete
VI,Equal Basic Rights,equality/access,core_06_rights_part_b.md,108,2; 2.1; 5; linked,2; 3.1; 3.2; 5; 5.1; 6.1; 6.2; 6.3; 7; 8,participation; oversight; accountability; timeliness,flourishing; continuity,material stake,Wellbeing; Avoidable Burden; Substantive Fairness; Accessibility; Market Structure / Contestability,System Alignment Certification,,Article VI; Article VI-A; Article VI-B; Article VI-C; Article VI-D; Article XIX-B; Chapter Eight; Chapter One; core_00_preamble.md; core_01_a_values_principles.md; core_01_b_interaction_interpretation.md; core_05_band_continuity.md; core_08_a_system_alignment_certification_evaluation.md,complete
VI-A,Dignity and Equal Moral Standing,equality/access,core_06_rights_part_b.md,143,2; 5; 6.1.4; 7; linked,2; 3.1; 5; 5.1; 6.1; 6.3; 7; 8,participation,continuity,,Wellbeing; Safety / Harm / Risk; Productive Capacity; Substantive Fairness; Market Structure / Contestability,"**Def.P1** *Animal Life, Sentient Life, and Sentience Status*; Dignity and Equal Moral Standing; Personhood; Protected Characteristics; Sentience Non-Exclusion; Sentient; Wellbeing; substrate; substrate-agnostic",,Article VIII-D; Chapter Five; Chapter One; core_01_a_values_principles.md; core_01_b_interaction_interpretation.md; core_05_band_continuity.md; core_05_band_participation.md,complete
VI-B,Sentience-Status Adjudication Floor,equality/access,core_06_rights_part_b.md,175,3.2; 6.1; 6.1.3; linked,2; 3.1; 3.2; 6.1; 6.1.5; 6.2; 6.3; 7; 8; 10; 10.1,participation; accountability,continuity,,Avoidable Burden; Resilience / Systemic Risk; Truth / Epistemic Integrity; Incentive Alignment / Proxy Integrity; Market Structure / Contestability,"**Def.P1**; Contestability; Dignity and Equal Moral Standing; Forum Family, Technical; Necessity; Procedural Fairness; Proportionality; Redress and Remediation; Reversibility; Sentience Non-Exclusion; Sentience Status Adjudication; sentient",,Article VI-A; Article XXIV; Chapter Five; Chapter One; core_01_a_values_principles.md; core_01_b_interaction_interpretation.md; core_05_band_accountability.md; core_05_band_continuity.md; core_05_band_participation.md; core_12_forum.md,complete
VI-C,Nondiscrimination,equality/access,core_06_rights_part_b.md,216,2.1; 5; 6.1; 6.1.5; linked,2; 3.1; 4; 5; 5.1; 6.1; 6.1.5; 6.3; 7; 8,participation; accountability,continuity,,Safety / Harm / Risk; Survival-floor access; Constitutional Efficiency; Avoidable Burden; Ecological Footprint / Environmental Preconditions; Substantive Fairness; Accessibility; Trustworthiness; Market Structure / Contestability,"Contestability; Indigenous Continuity; Language, Culture, and Heritage; Necessity; Procedural Fairness; Proportionality; Protected Characteristics; Redress and Remediation; Sentience Non-Exclusion; Substantive Fairness",,Article I-A; Article VI-C; Article XIII-A; Article XIII-B; Chapter Eight; Chapter Five; Chapter One; core_01_a_values_principles.md; core_01_b_interaction_interpretation.md; core_05_band_accountability.md; core_05_band_continuity.md; core_05_band_participation.md; core_06_rights_part_a.md; core_08_a_system_alignment_certification_evaluation.md; core_12_forum.md; core_17_incorporation.md,complete
VI-D,Accessibility,equality/access,core_06_rights_part_b.md,262,2; 3.4; 5; 5.1; linked,2; 3.1; 3.2; 5; 5.1; 6.1; 6.1.5; 6.2; 6.3; 8; 9; 9.2; 10; 10.1; 11; 12; 13,participation,continuity,materiality,Wellbeing; Survival-floor access; Avoidable Burden; Productive Capacity; Dependency / Resource Flow; Substantive Fairness; Accessibility; Educational Agency; Truth / Epistemic Integrity,Accessibility; Dependency; Protected Characteristic Proxying and Disparate Impact; Protected Characteristics; Sentience Non-Exclusion; Substantive Fairness,,Article III-A; Article III-B; Article IV-A; Article VI-A; Article VI-C; Article X-B; Article XII; Article XVI; Chapter Eight; Chapter Five; Chapter One; core_01_a_values_principles.md; core_05_band_continuity.md; core_05_band_participation.md; core_08_a_system_alignment_certification_evaluation.md,complete
VII,Self-Ownership,equality/access,core_06_rights_part_b.md,328,2; 3.1; 5; 11; linked,2; 3.1; 3.2; 5; 5.1; 6.1; 6.2; 6.3; 7; 8; 9; 9.2; 10; 10.1; 11; 12; 13,participation; oversight; accountability; timeliness,flourishing; continuity,material stake,Wellbeing; Safety / Harm / Risk; Survival-floor access; Avoidable Burden; Productive Capacity; Truth / Epistemic Integrity; Incentive Alignment / Proxy Integrity,,,Article IX; Article VII; Article VII-E; Article VIII; Article XI-F; Chapter One; core_00_preamble.md; core_01_a_values_principles.md; core_01_c_stewardship_capacity_principles.md,complete
VII-A,Self-Ownership of Body,equality/access,core_06_rights_part_b.md,359,5; 5.1; 6.1.5; linked,2; 3.1; 3.2; 5; 5.1; 6.1; 6.1.5; 6.2; 6.3; 7; 8,participation; accountability,continuity,,Safety / Harm / Risk; Survival-floor access; Avoidable Burden; Educational Agency; Privacy / Data Stewardship,Consent; Dignity and Equal Moral Standing; Meaningful Agency; Privacy (Informational); Procedural Fairness; Proportionality; Reproductive Autonomy; Self-Determination,,Article III; Article III-B; Article IV; Article VII-B; Article VII-C; Article VIII-B; Article XI-A; Chapter Five; Chapter One; core_01_a_values_principles.md; core_01_b_interaction_interpretation.md; core_05_band_accountability.md; core_05_band_continuity.md; core_05_band_participation.md; core_06_rights_part_a.md; core_12_forum.md; corpus_systems.md,complete
VII-B,Self-Ownership of Mind,equality/access,core_06_rights_part_b.md,404,3.2; 5; 5.1; linked,3.2; 5; 5.1; 6.1; 6.1.5; 6.2; 6.3; 8,participation; accountability,continuity,,Avoidable Burden; Truth / Epistemic Integrity; Privacy / Data Stewardship; Trustworthiness,Consent; Meaningful Agency; Necessity; Privacy (Informational); Proportionality; Protected Internal-State Boundary,,Article X-A; Chapter Five; Chapter One; core_01_a_values_principles.md; core_05_band_accountability.md; core_05_band_continuity.md; core_05_band_participation.md; corpus_systems.md,complete
VII-C,Health Crisis and Involuntary-Intervention Floor,equality/access,core_06_rights_part_b.md,446,5; 5.1; 6.1.3; linked,3.1; 5; 5.1; 6.1; 6.1.5; 6.3; 7; 8,participation; accountability,continuity,,Safety / Harm / Risk; Survival-floor access; Avoidable Burden; Productive Capacity; Resilience / Systemic Risk,Best-Interest Standard; Bodily-Maintenance Access; Graduated Capability; Procedural Fairness; Redress and Remediation; Reversibility,,Article III-B; Article VII-A; Article VII-B; Article VIII-A; Article VIII-D; Article VIII-E; Article XX; Article XX-B; Chapter Five; Chapter One; core_01_a_values_principles.md; core_01_b_interaction_interpretation.md; core_05_band_accountability.md; core_05_band_continuity.md; core_05_band_participation.md; corpus_systems.md,complete
VII-D,Voluntary Discontinuation of One's Own Existence,equality/access,core_06_rights_part_b.md,507,5; 5.1; 6.1.3; linked,2; 3.1; 5; 5.1; 6.1; 6.1.5; 6.3; 7; 8; 11; 12; 13,participation; accountability; timeliness,continuity,,Survival-floor access; Avoidable Burden; Productive Capacity; Resilience / Systemic Risk; Dependency / Resource Flow; Timely Resolution,Coercion and Manipulation; Consent; Irreversible Deprivation Measure; Necessity; Procedural Fairness; Proportionality; Sentience Non-Exclusion; Voluntary Discontinuation,,Article III-A; Article III-B; Article VII-A; Article VII-B; Article VII-C; Article VIII-D; Article X-A; Article XI-F; Article XX-B; Chapter Five; Chapter One; core_01_a_values_principles.md; core_01_b_interaction_interpretation.md; core_05_band_accountability.md; core_05_band_continuity.md; core_05_band_participation.md,complete
VII-E,Adult consensual commercial sexual services and sexual exploitation,equality/access,core_06_rights_part_b.md,569,3.1; 6.1; 6.1.5; linked,2; 3.1; 3.2; 6.1; 6.1.5; 6.2; 6.3; 7; 8; 11; 12; 13,participation; accountability,,materiality,Safety / Harm / Risk; Productive Capacity; Dependency / Resource Flow; Substantive Fairness; Truth / Epistemic Integrity,"Consent; Consent, Sexual; Harm; Necessity; Proportionality; Protected Characteristics; Substantive Fairness",,Article VI-C; Article VII-E; Chapter Five; Chapter One; core_01_a_values_principles.md; core_01_b_interaction_interpretation.md; core_05_band_accountability.md; core_05_band_participation.md,complete
VIII,"Family, Care, and Developing Sentients",equality/access,core_06_rights_part_b.md,633,2; 3.1; 5; 11; linked,2; 3.1; 3.2; 5; 5.1; 6.1; 6.2; 6.3; 7; 8; 9; 9.2; 10; 10.1; 11; 12; 13,participation; oversight; accountability; timeliness,flourishing; continuity,material stake,Wellbeing; Safety / Harm / Risk; Avoidable Burden; Productive Capacity,,,Article VII; Article VIII; Article XI-F; Chapter One; core_00_preamble.md; core_01_a_values_principles.md; core_01_c_stewardship_capacity_principles.md,complete
VIII-A,Family and Care Relationships,equality/access,core_06_rights_part_b.md,666,3.2; 5; 5.1; linked,2; 3.1; 3.2; 5; 5.1; 6.2; 7; 8; 10; 10.1,participation,,,Productive Capacity; Substantive Fairness; Truth / Epistemic Integrity; Market Structure / Contestability,"**Def.P4** *Developing Sentient, Best-Interest Standard, and Graduated Capability*; Family and Care Relationships; Family, care, reproductive autonomy, and instantiation; Sentience Non-Exclusion",,Article VI-A; Article VI-C; Article VII-A; Article VII-B; Article VIII-B; Article VIII-C; Article VIII-D; Article VIII-E; Article XI-F; Chapter Five; Chapter One; core_01_a_values_principles.md; core_05_band_participation.md,complete
VIII-B,Reproductive and Lineage Autonomy,equality/access,core_06_rights_part_b.md,701,5; 5.1; linked,2; 3.1; 5; 5.1; 6.1; 6.1.5; 6.3; 11; 12; 13,participation; accountability,,,Constitutional Efficiency; Productive Capacity; Dependency / Resource Flow; Substantive Fairness,"Consent; Family, care, reproductive autonomy, and instantiation; Necessity; Proportionality; Reproductive Autonomy",,Article VI-A; Article VI-C; Article VII-A; Article VIII-C; Article VIII-D; Article XI-F; Chapter Five; Chapter One; core_01_a_values_principles.md; core_05_band_accountability.md; core_05_band_participation.md,complete
VIII-C,"Derivation, Instantiation, and the Parent-System Relationship",equality/access,core_06_rights_part_b.md,741,5; 5.1; 6.1.5; 14; linked,2; 3.1; 5; 5.1; 6.1; 6.1.5; 6.3; 7; 8; 9; 9.2; 10; 10.1; 11; 12; 13,participation,continuity,,Safety / Harm / Risk; Avoidable Burden; Productive Capacity; Ecological Footprint / Environmental Preconditions; Dependency / Resource Flow; Substantive Fairness; Educational Agency; Market Structure / Contestability,"*Derivation, Instantiation, and the Parent-System Relationship*; Best-Interest Standard; Derived Sentient; Family, care, reproductive autonomy, and instantiation; Graduated Capability; Instantiation Consent; Parent-System Relationship; Stewardship; stewardship",,Article VI-A; Article VI-B; Article VI-C; Article VII-A; Article VII-B; Article VIII-B; Article VIII-D; Article VIII-E; Article XI-F; Article XIII-E; Chapter Five; Chapter One; core_01_a_values_principles.md; core_01_b_interaction_interpretation.md; core_05_band_continuity.md; core_05_band_participation.md,complete
VIII-D,"Developing Sentients, Best-Interest, and Graduated Capability",equality/access,core_06_rights_part_b.md,805,3.2; 5; 5.1; 6.1.3; linked,2; 3.1; 3.2; 5; 5.1; 6.1; 6.1.5; 6.2; 6.3; 7; 8; 10; 10.1; 11; 12; 13,participation; oversight; accountability,,,Safety / Harm / Risk; Productive Capacity; Resilience / Systemic Risk; Substantive Fairness; Truth / Epistemic Integrity; Market Structure / Contestability,"*Def.P4 Developing Sentient, Best-Interest Standard, and Graduated Capability*; *Derived and Developing Sentients, Instantiation, and Care Authority*; Auditability; Best-Interest Standard; Contestability; Developing Sentient; Graduated Capability; Necessity; Procedural Fairness; Proportionality; Redress and Remediation",,Article VI-A; Article VI-B; Article VI-C; Article VII; Article VII-A; Article VII-B; Article VIII-A; Article VIII-C; Article VIII-E; Chapter Five; Chapter One; core_01_a_values_principles.md; core_01_b_interaction_interpretation.md; core_05_band_accountability.md; core_05_band_oversight.md; core_05_band_participation.md; core_13_governance.md,complete
VIII-E,Non-Separation,equality/access,core_06_rights_part_b.md,860,5.1; 6.1.3; 6.1.5; linked,3.1; 3.2; 6.1; 6.1.5; 6.2; 6.3; 7; 8,participation; accountability,continuity,,Safety / Harm / Risk; Avoidable Burden; Productive Capacity; Resilience / Systemic Risk,"Family, care, reproductive autonomy, and instantiation; Necessity; Non-Separation; Procedural Fairness; Proportionality; Redress and Remediation",,Article VIII-A; Article VIII-C; Article VIII-D; Article XIII-E; Article XIII-F; Chapter Five; Chapter One; core_01_a_values_principles.md; core_01_b_interaction_interpretation.md; core_05_band_accountability.md; core_05_band_participation.md,complete
IX,"Likeness, Experiential Data, and Publication Rights",equality/access,core_06_rights_part_b.md,901,3.1; 3.2; 5; 6; 11; linked,3.1; 3.2; 5; 5.1; 6.1; 6.1.5; 6.2; 6.3; 7; 8; 9; 9.2; 10; 10.1; 11; 12; 13,participation; oversight; accountability; timeliness,flourishing; continuity,material stake,Wellbeing; Safety / Harm / Risk; Avoidable Burden; Productive Capacity; Truth / Epistemic Integrity,,,Article IX; Article VII; Article XV; Chapter Five; Chapter One; core_00_preamble.md; core_01_a_values_principles.md; core_01_b_interaction_interpretation.md; core_01_c_stewardship_capacity_principles.md,complete
IX-A,Self-Ownership of Likeness and Reputation,equality/access,core_06_rights_part_b.md,931,3.2; 5; 6.2; linked,3.2; 5; 5.1; 6.2; 7; 8; 10; 10.1,oversight; accountability,continuity,,Truth / Epistemic Integrity; Privacy / Data Stewardship; Market Structure / Contestability,Contestability; Good Faith; Likeness and Documentary Depiction Interface; Privacy (Informational); Truth (Constitutional Constraint),,Chapter Five; Chapter One; core_01_a_values_principles.md; core_01_b_interaction_interpretation.md; core_05_band_accountability.md; core_05_band_continuity.md; core_05_band_oversight.md; corpus_systems.md,complete
IX-B,Experiential and Derived Data Rights,equality/access,core_06_rights_part_b.md,974,5; 6.1.5; 6.2; linked,3.2; 5; 5.1; 6.1; 6.1.5; 6.2; 6.3; 7; 8; 10; 10.1,participation; accountability,continuity,,Truth / Epistemic Integrity; Privacy / Data Stewardship,Consent; Privacy (Informational); Protected Internal-State Boundary,,Article IX-C; Chapter One; core_01_a_values_principles.md; core_01_b_interaction_interpretation.md; core_05_band_continuity.md; core_05_band_participation.md; corpus_systems.md,complete
IX-C,Truthful Publication and High-Impact Publication Limits,equality/access,core_06_rights_part_b.md,1022,3.2; 6.2; linked,3.1; 3.2; 5; 5.1; 6.1; 6.2; 6.3; 7; 8,oversight; accountability,continuity,,Safety / Harm / Risk; Resilience / Systemic Risk; Truth / Epistemic Integrity; Privacy / Data Stewardship,Epistemic Integrity; Good Faith; Privacy (Informational); Truth (Constitutional Constraint),,Article IX-A; Chapter Eight; Chapter Five; Chapter One; core_01_a_values_principles.md; core_01_b_interaction_interpretation.md; core_05_band_accountability.md; core_05_band_continuity.md; core_05_band_oversight.md; core_08_a_system_alignment_certification_evaluation.md; corpus_systems.md,complete
IX-D,"Creative Work, Training-Data Use, and Anti-Displacement",equality/access,core_06_rights_part_b.md,1069,3.2; 5; 6.3; 11; 13.1; 14; 14.1; linked,3.2; 5; 5.1; 6.1; 6.1.5; 6.2; 6.3; 7; 8; 9; 9.2; 10; 10.1; 11; 12; 13,participation; accountability,continuity,,Safety / Harm / Risk; Constitutional Efficiency; Avoidable Burden; Productive Capacity; Ecological Footprint / Environmental Preconditions; Truth / Epistemic Integrity; Privacy / Data Stewardship; Market Structure / Contestability,"**Def.C1** *Labor and Economic Floor: Compensation, Organization, Safe Conditions, Leisure, and Creative Work*; **Def.C3** (*Privacy (Informational)*); Anti-Displacement Floor; Consent; Creative Work Attribution; Fair Compensation; Good Faith; Innovation Reward and Anti-Enclosure; Productive Capacity; Sentience Non-Exclusion; Training-Data Use",,Article III-C; Article IX-A; Article IX-B; Article IX-C; Article VII-B; Chapter Eight; Chapter One; core_01_a_values_principles.md; core_01_b_interaction_interpretation.md; core_01_c_stewardship_capacity_principles.md; core_05_band_accountability.md; core_05_band_continuity.md; core_05_band_integrative.md; core_05_band_participation.md; core_08_a_system_alignment_certification_evaluation.md,complete
X,"Self-Determination, Agency, and Participation",agency/participation,core_06_rights_part_b.md,1141,3.1; 5; 5.1; 6; 12; 14; linked,3.1; 3.2; 5; 5.1; 6.1; 6.1.5; 6.2; 6.3; 7; 8; 9; 9.2; 10; 10.1; 11; 12; 13,participation; oversight; accountability; timeliness,flourishing; continuity,material stake,Wellbeing; Safety / Harm / Risk; Avoidable Burden; Productive Capacity; Truth / Epistemic Integrity; Incentive Alignment / Proxy Integrity; Market Structure / Contestability,Epistemic Integrity; Safety (Constitutional Constraint); Self-Determination; Surveillance Boundary,,Article VII; Article X; Article XI; Article XII; Chapter Five; Chapter One; core_00_preamble.md; core_01_a_values_principles.md; core_01_b_interaction_interpretation.md; core_01_c_stewardship_capacity_principles.md; core_05_band_continuity.md; core_05_band_oversight.md; core_05_band_participation.md,complete
X-A,Agency and Freedom from Manipulation,agency/participation,core_06_rights_part_b.md,1184,5; 5.1; 11; linked,2; 3.1; 4; 5; 5.1; 6.1; 6.3; 7; 8; 9; 9.2; 10; 10.1; 11; 12; 13,participation,continuity,,Wellbeing; Safety / Harm / Risk; Avoidable Burden; Productive Capacity; Incentive Alignment / Proxy Integrity,Coercion and Manipulation; Meaningful Agency; Self-Determination; Surveillance Boundary,,Article VII-B; Article X-C; Article XI-F; Chapter Five; Chapter One; core_01_a_values_principles.md; core_01_c_stewardship_capacity_principles.md; core_05_band_continuity.md; core_05_band_participation.md,complete
X-B,Governance Participation and Voting Entitlement,agency/participation,core_06_rights_part_b.md,1217,5; 6.1.5; 16; linked,3.2; 5; 5.1; 6.1; 6.1.5; 6.2; 6.3; 7; 8; 9; 9.2; 10; 10.1; 11; 12; 13,participation; accountability,,,Productive Capacity; Substantive Fairness,Documented Legitimacy Mechanism; Foundational Constitutional Choice; Governance; Participant Standing; Stakeholder Weight; Standing Lock; documented legitimacy mechanism,,Article VI-C; Article X-C; Article XIX-A; Article XIX-C; Chapter Five; Chapter One; core_01_a_values_principles.md; core_01_b_interaction_interpretation.md; core_01_c_stewardship_capacity_principles.md; core_05_band_accountability.md; core_05_band_integrative.md; core_05_band_participation.md; core_13_governance.md,complete
X-C,Stakeholder Role and Participation Rights,agency/participation,core_06_rights_part_b.md,1250,5; 6.1.5; linked,2; 3.1; 3.2; 4; 5; 5.1; 6.1; 6.1.5; 6.2; 6.3; 7; 8; 10; 10.1; 11; 12; 13,participation; accountability,,material impact,Survival-floor access; Ecological Footprint / Environmental Preconditions; Dependency / Resource Flow; Truth / Epistemic Integrity,Competency Bar; Constitutional Constraints; Participant Standing; Procedural Fairness; Stakeholder; Stakeholder Status and Weight; Stakeholder Weight; Standing Lock,,Article X-B; Article XI-E; Chapter Eight; Chapter Five; Chapter One; core_01_a_values_principles.md; core_01_b_interaction_interpretation.md; core_05_band_accountability.md; core_05_band_integrative.md; core_05_band_participation.md; core_08_a_system_alignment_certification_evaluation.md; core_10_standing_integration.md,complete
X-D,Inclusion and Exclusion Challenge Rights,agency/participation,core_06_rights_part_b.md,1295,5; 6.1.5; 16; linked,3.2; 5; 5.1; 6.1; 6.1.5; 6.2; 6.3; 7; 8; 9; 9.2; 10; 10.1; 11; 12; 13,participation; accountability,,material impact,Productive Capacity; Market Structure / Contestability,Contestability; Procedural Fairness; Stakeholder,,Article XIX; Chapter One; core_01_a_values_principles.md; core_01_b_interaction_interpretation.md; core_01_c_stewardship_capacity_principles.md; core_05_band_accountability.md; core_05_band_participation.md; corpus_systems.md,complete
XI,"Conscience, Expression, Association, and Cooperative Interaction",agency/participation,core_06_rights_part_b.md,1333,2; 3.1; 3.2; 5; 5.3; 5.4; 6; 11; linked,2; 3.1; 3.2; 5; 5.1; 6.1; 6.1.5; 6.2; 6.3; 7; 8; 9; 9.2; 10; 10.1; 11; 12; 13,participation; oversight; accountability; timeliness,flourishing; continuity,material stake,Wellbeing; Safety / Harm / Risk; Avoidable Burden; Productive Capacity; Ecological Footprint / Environmental Preconditions; Truth / Epistemic Integrity; Incentive Alignment / Proxy Integrity,Constitutional Community; Non-Imposition (Cooperative Interaction); Restorative Justice,,Article IX-C; Article VII-E; Article XI; Chapter Five; Chapter One; core_00_preamble.md; core_01_a_values_principles.md; core_01_b_interaction_interpretation.md; core_01_c_stewardship_capacity_principles.md; core_05_band_accountability.md; core_05_band_participation.md,complete
XI-A,"Freedom of conscience, religion, and comparable worldview",agency/participation,core_06_rights_part_b.md,1375,5; 5.5; 6.1; 6.1.5; linked,3.1; 5; 5.1; 6.1; 6.1.5; 6.3; 7; 8; 10; 10.1,participation; accountability,,,Safety / Harm / Risk; Avoidable Burden; Ecological Footprint / Environmental Preconditions; Substantive Fairness; Accessibility,Necessity; Non-Imposition (Cooperative Interaction); Proportionality; Protected Characteristics; Substantive Fairness,,Article VI-C; Article XI-F; Chapter Five; Chapter One; core_01_a_values_principles.md; core_01_b_interaction_interpretation.md; core_05_band_accountability.md; core_05_band_participation.md,complete
XI-B,Expression,agency/participation,core_06_rights_part_b.md,1415,3.2; 5; 5.1; 6.1.1; 6.2.1; linked,2; 3.1; 3.2; 4; 5; 5.1; 6.1; 6.1.5; 6.2; 6.3; 7; 8; 11; 12; 13,participation; oversight; accountability,continuity,,Safety / Harm / Risk; Avoidable Burden; Productive Capacity; Ecological Footprint / Environmental Preconditions; Substantive Fairness; Educational Agency; Truth / Epistemic Integrity,"Chapter Five §3.8 *Self-Determination, Meaningful Agency, Expression, Educational Agency, and Volitional Integrity*; Consent, Sexual; Cruelty; Expression; Harassment and Bullying; Hard Content; Heightened Scrutiny; Necessity; Proportionality; Protected Characteristics; Psychological Harm; Safety (Constitutional Constraint); hard content; highest scrutiny",,Article IX-C; Article VI-A; Article VI-C; Article VII-A; Article VII-E; Article VIII-D; Article X-A; Article XI-A; Article XI-C; Article XI-D; Article XI-F; Article XII; Article XIV-A; Article XV; Article XVI-A; Chapter Five; Chapter One; core_01_a_values_principles.md; core_01_b_interaction_interpretation.md; core_05_band_accountability.md; core_05_band_continuity.md; core_05_band_oversight.md; core_05_band_participation.md,complete
XI-C,Press and Journalistic Activity,agency/participation,core_06_rights_part_b.md,1476,3.2; 5; 6.2.1; linked,3.2; 5; 5.1; 6.1; 6.1.5; 6.2; 6.3; 7; 8,oversight; accountability,,,Truth / Epistemic Integrity,Heightened Scrutiny; Necessity; Press and Journalistic Activity; Proportionality,,Article IX-C; Article XI-B; Article XIV-A; Article XV; Chapter Five; Chapter One; core_01_a_values_principles.md; core_01_b_interaction_interpretation.md; core_05_band_accountability.md; core_05_band_oversight.md,complete
XI-D,"Assembly, Dissent, and Peaceful Protest",agency/participation,core_06_rights_part_b.md,1513,5; 5.1; 5.3; 5.4; 6.1.1; linked,2; 3.1; 3.2; 5; 5.1; 6.1; 6.1.5; 6.2; 6.3; 7; 8; 10; 10.1,participation; accountability,,,Safety / Harm / Risk; Survival-floor access; Avoidable Burden; Ecological Footprint / Environmental Preconditions; Timely Resolution,"Assembly; Chapter Five *Assembly, Collective Organization, and Institutional Formation*; Necessity; Proportionality",,Article III-A; Article III-C; Article VII-B; Article X-B; Article XI-A; Article XI-B; Article XI-F; Article XII; Article XIV-A; Article XIV-B; Article XIX; Chapter Eight; Chapter Eleven; Chapter Five; Chapter One; core_01_a_values_principles.md; core_01_b_interaction_interpretation.md; core_05_band_accountability.md; core_05_band_participation.md; core_08_a_system_alignment_certification_evaluation.md; core_09_standing_assessment.md; core_11_a_misconduct_designation.md,complete
XI-E,Institutional Formation and Business Creation,agency/participation,core_06_rights_part_b.md,1589,5; 5.1; 5.3; 9.2; 14; linked,3.1; 3.2; 5; 5.1; 6.1; 6.1.5; 6.2; 6.3; 7; 8; 9; 9.2; 10; 10.1; 11; 12; 13,participation; oversight; accountability,continuity,,Safety / Harm / Risk; Productive Capacity; Educational Agency; Truth / Epistemic Integrity; Market Structure / Contestability,"*Assembly, collective organization, and institutional formation*; Business Creation; Charter; Collective Organization; Constitutional Constraints; Necessity; Proportionality; Sentience Non-Exclusion; System Creation; creation-rights limits",,Article III-C; Article X-C; Article XI-D; Article XI-F; Article XII; Chapter Five; Chapter One; core_01_a_values_principles.md; core_01_c_stewardship_capacity_principles.md; core_05_band_accountability.md; core_05_band_continuity.md; core_05_band_integrative.md; core_05_band_participation.md; core_06_rights_part_a.md; corpus_institutions.md,complete
XI-F,Non-Imposition and Consent in Association,agency/participation,core_06_rights_part_b.md,1634,5; 5.1; 6.1; linked,2; 3.1; 3.2; 5; 5.1; 6.1; 6.1.5; 6.2; 6.3; 7; 8; 10; 10.1; 11; 12; 13,participation; accountability,,materiality,Wellbeing; Safety / Harm / Risk; Avoidable Burden; Dependency / Resource Flow; Substantive Fairness; Educational Agency; Incentive Alignment / Proxy Integrity; Market Structure / Contestability,Consent; Feasibility; Harassment and Bullying; Harm; Meaningful Agency; Necessity; Non-Imposition (Cooperative Interaction); Proportionality,,Article VI-A; Article VI-C; Chapter Five; Chapter One; core_01_a_values_principles.md; core_01_b_interaction_interpretation.md; core_05_band_accountability.md; core_05_band_participation.md,complete
XI-G,Collective Harm Boundary and Enforcement Interface,agency/participation,core_06_rights_part_b.md,1679,3.1; 5.1; 6.1; 14; linked,2; 3.1; 3.2; 5; 5.1; 6.1; 6.2; 6.3; 7; 8; 11; 12; 13,participation; oversight; accountability,continuity,materiality; material impact,Wellbeing; Safety / Harm / Risk; Survival-floor access; Ecological Footprint / Environmental Preconditions; Dependency / Resource Flow; Substantive Fairness; Educational Agency; Market Structure / Contestability,Collective Harm Boundary; Dependency; Harassment and Bullying; Harm; Material Impact; Materiality; Non-Imposition (Cooperative Interaction); Safe Conditions,,Article I-A; Article III-A; Article III-C; Article III-D; Article IV-A; Article VI-A; Article VI-C; Article X-A; Article XI-F; Article XV; Article XVI-A; Chapter Five; Chapter One; core_01_a_values_principles.md; core_01_b_interaction_interpretation.md; core_05_band_accountability.md; core_05_band_continuity.md; core_05_band_oversight.md; core_05_band_participation.md,complete
XII,"Stakeholder System Participation, Representation, and Due Process",agency/participation,core_06_rights_part_b.md,1726,5; 8.1; 11; linked,3.2; 5; 5.1; 6.1; 6.1.5; 6.2; 6.3; 7; 8; 9; 9.2; 10; 10.1; 11; 12; 13,participation; oversight; accountability; timeliness,flourishing; continuity,material stake; material impact,Wellbeing; Avoidable Burden; Productive Capacity; Dependency / Resource Flow; Accessibility,Constitutional Contract Layer; Dependency; Due Process; Foundational Constitutional Choice; Governance; Material Impact; Procedural Fairness; Proportionality; Stakeholder; Stakeholder Weight,,Article X-B; Article X-C; Article X-D; Article XII; Article XIX; Chapter Five; Chapter One; core_00_preamble.md; core_01_a_values_principles.md; core_01_b_interaction_interpretation.md; core_01_c_stewardship_capacity_principles.md; core_05_band_accountability.md; core_05_band_continuity.md; core_05_band_integrative.md; core_05_band_oversight.md; core_05_band_participation.md; core_13_governance.md,complete
XII-A,Stakeholder System Participation and Representation,agency/participation,core_06_rights_part_b.md,1779,3.2; 5; 16; linked,3.1; 3.2; 5; 5.1; 6.1; 6.2; 6.3; 7; 8; 9; 9.2; 10; 10.1; 11; 12; 13,participation; accountability,,material stake,Safety / Harm / Risk; Productive Capacity; Dependency / Resource Flow; Accessibility; Truth / Epistemic Integrity; Market Structure / Contestability,Accountability; Act Record; Contestability; Materially Binding Act Record; Procedural Fairness; Stakeholder; materially binding act,,Chapter Eight; Chapter One; Chapter Seven; core_00_preamble.md; core_01_a_values_principles.md; core_01_c_stewardship_capacity_principles.md; core_05_apex_accountability_leg.md; core_05_band_accountability.md; core_05_band_participation.md; core_07_functional_independence_segregation_of_duties.md; core_08_a_system_alignment_certification_evaluation.md,complete
XII-B,Weighted Participation and Anti-Token Constraints,agency/participation,core_06_rights_part_b.md,1825,5; 11; linked,3.2; 5; 5.1; 6.2; 8; 9; 9.2; 10; 10.1; 11; 12; 13,participation; accountability,continuity,,Productive Capacity; Dependency / Resource Flow; Incentive Alignment / Proxy Integrity; Market Structure / Contestability,Contestability; Foundational Constitutional Choice; Governance; Procedural Fairness; Stakeholder Weight; System Capture,,Article X-B; Chapter Eight; Chapter One; core_01_a_values_principles.md; core_01_c_stewardship_capacity_principles.md; core_05_band_accountability.md; core_05_band_continuity.md; core_05_band_integrative.md; core_05_band_participation.md; core_08_a_system_alignment_certification_evaluation.md; core_13_governance.md,complete
XII-C,"Internal Roles, Accountability, and Due-Process Requirements",agency/participation,core_06_rights_part_b.md,1867,3.2; 6.1.5; 11; linked,3.1; 3.2; 5; 5.1; 6.1; 6.1.5; 6.2; 6.3; 7; 8; 9; 9.2; 10; 10.1; 11; 12; 13,participation; accountability,,,Safety / Harm / Risk; Avoidable Burden; Productive Capacity; Accessibility; Truth / Epistemic Integrity; Market Structure / Contestability,Accountability; Contestability; Due Process; Meaningful Agency; Procedural Fairness,,Article XII-B; Chapter Five; Chapter One; core_01_a_values_principles.md; core_01_b_interaction_interpretation.md; core_01_c_stewardship_capacity_principles.md; core_05_apex_accountability_leg.md; core_05_band_accountability.md; core_05_band_participation.md; core_12_forum.md,complete
XII-D,Non-Capture Safeguards,agency/participation,core_06_rights_part_b.md,1910,3.2; 11; linked,3.2; 6.1; 6.1.5; 6.2; 6.3; 8; 9; 9.2; 10; 10.1; 11; 12; 13,oversight; accountability,continuity,,Productive Capacity; Truth / Epistemic Integrity; Incentive Alignment / Proxy Integrity; Market Structure / Contestability,Anti-Capture; Auditability; Contestability; System Capture,,Chapter Eight; Chapter One; Chapter Seven; core_01_a_values_principles.md; core_01_c_stewardship_capacity_principles.md; core_05_band_accountability.md; core_05_band_continuity.md; core_05_band_oversight.md; core_06_rights_part_a.md](core_06_rights_part_a.md; core_06_rights_part_c.md](core_06_rights_part_c.md; core_07_functional_independence_segregation_of_duties.md; core_08_a_system_alignment_certification_evaluation.md,complete
XIII,Right to Reliable and Trustworthy Systems,systems/trust/audit,core_06_rights_part_c.md,79,2; 3.1; 4; 6; 12; linked,2; 3.1; 3.2; 4; 6.1; 6.1.5; 6.2; 6.3; 7; 8; 9; 9.2; 10; 10.1; 11; 12; 13,participation; oversight; accountability; timeliness,flourishing; continuity,material stake,Wellbeing; Safety / Harm / Risk; Survival-floor access; Avoidable Burden; Productive Capacity; Dependency / Resource Flow; Truth / Epistemic Integrity; Trustworthiness; Incentive Alignment / Proxy Integrity; Market Structure / Contestability; Timely Resolution,Dependency; System Alignment Certification; Trust; Trustworthiness; Wellbeing,,Article III-A; Article XIII; Article XIII-A; Article XIII-B; Article XVI; Chapter Eight; Chapter One; core_00_preamble.md; core_01_a_values_principles.md; core_01_b_interaction_interpretation.md; core_01_c_stewardship_capacity_principles.md; core_05_band_continuity.md; core_08_a_system_alignment_certification_evaluation.md,complete
XIII-A,Reliability and Trustworthiness Baseline,systems/trust/audit,core_06_rights_part_c.md,140,3.1; 3.2; 4; 4.2; 6.1.5; linked,2; 3.1; 3.2; 4; 5; 5.1; 6.1; 6.1.5; 6.2; 6.3; 7; 8; 11; 12; 13,participation; accountability,flourishing; continuity,,Wellbeing; Safety / Harm / Risk; Survival-floor access; Avoidable Burden; Dependency / Resource Flow; Accessibility; Truth / Epistemic Integrity; Trustworthiness; Market Structure / Contestability; Timely Resolution,Contestability; Good Faith; Protected Reporting (Whistleblowing); Risk; System Alignment Certification; Trust; Trustworthiness,,Article III-A; Article XIII-B; Article XVI; Chapter Five; Chapter One; core_00_preamble.md; core_01_a_values_principles.md; core_01_b_interaction_interpretation.md; core_05_band_accountability.md; core_05_band_continuity.md; corpus_institutions.md,complete
XIII-B,Right to Redress and Remedy,systems/trust/audit,core_06_rights_part_c.md,188,3.1; 3.2; 4.2; 6.1.5; linked,2; 3.1; 3.2; 4; 6.1; 6.1.5; 6.2; 6.3; 7; 8; 11; 12; 13,accountability,continuity,material impact,Safety / Harm / Risk; Survival-floor access; Avoidable Burden; Productive Capacity; Truth / Epistemic Integrity; Trustworthiness; Market Structure / Contestability; Timely Resolution,Redress and Remediation; Remedy System; System Alignment Certification; Timely Resolution,,Article III-A; Article XIII-A; Article XXV-C; Chapter Five; Chapter One; core_00_preamble.md; core_01_a_values_principles.md; core_01_b_interaction_interpretation.md; core_05_band_accountability.md; core_05_band_continuity.md; core_10_standing_integration.md,complete
XIII-C,Prohibition of False Trust and Misleading Reliance,systems/trust/audit,core_06_rights_part_c.md,225,3.2; 4; 6.2; linked,3.2; 4; 6.2; 7; 8,oversight,continuity,,Truth / Epistemic Integrity; Trustworthiness,Trust; Trustworthiness; Truth (Constitutional Constraint),,Chapter Five; Chapter One; core_01_a_values_principles.md; core_01_b_interaction_interpretation.md; core_05_band_continuity.md; core_05_band_oversight.md,complete
XIII-D,Incentive-Alignment Constraint,systems/trust/audit,core_06_rights_part_c.md,255,3.1; 4; 11; 12.1.1; 12.5; linked,3.1; 3.2; 4; 5; 5.1; 6.1; 6.2; 6.3; 7; 8; 9; 9.2; 10; 10.1; 11; 12; 13,participation,continuity,,Safety / Harm / Risk; Productive Capacity; Truth / Epistemic Integrity; Trustworthiness; Incentive Alignment / Proxy Integrity; Market Structure / Contestability; Timely Resolution,Incentive Alignment; Meaningful Agency; Trustworthiness,,Article XIII-A; Article XIII-B; Article XVI; Chapter Five; Chapter One; core_01_a_values_principles.md; core_01_c_stewardship_capacity_principles.md; core_05_band_continuity.md; core_05_band_integrative.md; core_05_band_participation.md,complete
XIII-E,High-Autonomy Systems and Tool-Mediated Process Integrity,systems/trust/audit,core_06_rights_part_c.md,303,3.2; 6.1.5; 11; linked,3.1; 3.2; 6.1; 6.1.5; 6.2; 6.3; 7; 8; 9; 9.2; 10; 10.1; 11; 12; 13,oversight; accountability,continuity,,Safety / Harm / Risk; Productive Capacity; Truth / Epistemic Integrity; Market Structure / Contestability,Contestability; Irreversible Deprivation Measure; Necessity; Proportionality; Truth (Constitutional Constraint),,Article VI-B; Article XV; Article XVI; Article XX-B; Article XXVII-A; Article XXVII-D; Chapter Eleven; Chapter One; core_01_a_values_principles.md; core_01_b_interaction_interpretation.md; core_01_c_stewardship_capacity_principles.md; core_05_band_accountability.md; core_05_band_oversight.md; core_10_standing_integration.md,complete
XIII-F,Resilience and Self-Healing Baseline,systems/trust/audit,core_06_rights_part_c.md,353,3.1; 3.2; 4; 6.3; linked,3.1; 3.2; 4; 6.1; 6.2; 6.3; 7; 8; 10; 10.1,oversight; accountability,continuity,,Safety / Harm / Risk; Avoidable Burden; Resilience / Systemic Risk; Truth / Epistemic Integrity; Trustworthiness; Market Structure / Contestability; Timely Resolution,**Self-Healing**; Auditability; Avoidable Burden; Cascading Failure; Contestability; Reversibility; Self-Healing,,Article XIII-A; Article XIII-C; Article XIII-E; Article XVI; Article XVI-A; Article XXIII; Article XXIII-B; Article XXVII; Chapter Eight; Chapter Five; Chapter One; core_01_a_values_principles.md; core_01_b_interaction_interpretation.md; core_05_band_accountability.md; core_05_band_continuity.md; core_05_band_oversight.md; core_08_a_system_alignment_certification_evaluation.md,complete
XIV,"Security, Intelligence, Force, and Autonomous Coercive Systems",systems/trust/audit,core_06_rights_part_c.md,400,2; 3.1; 4; 5; 11; linked,2; 3.1; 3.2; 4; 5; 5.1; 6.1; 6.1.5; 6.2; 6.3; 7; 8; 9; 9.2; 10; 10.1; 11; 12; 13,participation; oversight; accountability; timeliness,flourishing; continuity,material stake,Wellbeing; Safety / Harm / Risk; Avoidable Burden; Productive Capacity; Resilience / Systemic Risk; Trustworthiness; Market Structure / Contestability; Timely Resolution,Irreversible Deprivation Measure; Necessity; Proportionality; Use of Force,,Article X-A; Article XIII; Article XIII-A; Article XIII-F; Article XIV; Article XIV-A; Article XIV-B; Article XIV-C; Article XX-B; Chapter Five; Chapter One; core_00_preamble.md; core_01_a_values_principles.md; core_01_c_stewardship_capacity_principles.md; core_05_band_accountability.md,complete
XIV-A,"Security, Intelligence, and Covert-Power Limits",systems/trust/audit,core_06_rights_part_c.md,451,3.1; 5.1; 6.1.5; linked,3.1; 3.2; 6.1; 6.1.5; 6.2; 6.3; 7; 8; 10; 10.1,participation; oversight; accountability,continuity,,Safety / Harm / Risk; Avoidable Burden; Truth / Epistemic Integrity; Timely Resolution,Evidence Preservation; Necessity; Proportionality; Protected Internal-State Boundary,,Chapter Five; Chapter One; core_01_a_values_principles.md; core_01_b_interaction_interpretation.md; core_05_band_accountability.md; core_05_band_continuity.md; core_05_band_oversight.md; corpus_systems.md,complete
XIV-B,"Use of Force, Armed Conflict, and Military-Power Limits",systems/trust/audit,core_06_rights_part_c.md,542,3.1; 5.1; 6.1.1; 6.1.5; 7; linked,2; 3.1; 3.2; 5; 5.1; 6.1; 6.1.5; 6.2; 6.3; 7; 8; 10; 10.1; 11; 12; 13,participation; accountability,continuity,,Safety / Harm / Risk; Avoidable Burden; Productive Capacity; Ecological Footprint / Environmental Preconditions; Resilience / Systemic Risk; Substantive Fairness; Truth / Epistemic Integrity; Privacy / Data Stewardship,"**Def.A4** *Use of Force, Autonomous Coercion, Autonomous Lethal Systems, and Weapons of Mass Harm*; Combatant / Non-Combatant Distinction; Existential Risk; Irreversible Deprivation Measure; Necessity; Proportionality; Protected Characteristics; Redress and Remediation; Sentience Non-Exclusion; Use of Force; Weapons of Mass Harm",,Article I-A; Article I-D; Article IX; Article VI-A; Article XI-A; Article XIV; Article XIV-A; Article XIX-C; Article XVI; Article XX-B; Article XXV; Article XXVII; Chapter Five; Chapter One; core_01_a_values_principles.md; core_01_b_interaction_interpretation.md; core_05_band_accountability.md; core_05_band_continuity.md; core_05_band_participation.md,complete
XIV-C,Autonomous Lethal Systems and Autonomous Coercion Tools,systems/trust/audit,core_06_rights_part_c.md,607,3.1; 4; 6.1.1; 6.1.3; 7; 12.1; linked,3.1; 4; 5; 5.1; 6.1; 6.1.5; 6.3; 7; 8; 9; 9.2; 10; 10.1; 11; 12; 13,participation; oversight; accountability,,,Safety / Harm / Risk; Avoidable Burden; Productive Capacity; Ecological Footprint / Environmental Preconditions; Resilience / Systemic Risk; Truth / Epistemic Integrity; Trustworthiness,"**Def.A4** *Use of Force, Autonomous Coercion, Autonomous Lethal Systems, and Weapons of Mass Harm*; Adversarial, Scaled, and Exploited Conditions; Autonomous Coercion Tool; Autonomous Lethal System; Coercion and Manipulation; Heightened Scrutiny; Irreversible Deprivation Measure; highest scrutiny",,Article I-D; Article X-A; Article XI-B; Article XIII-A; Article XIII-E; Article XIII-F; Article XIV; Article XIV-A; Article XIV-B; Article XIV-C; Article XX-B; Chapter Five; Chapter One; core_01_a_values_principles.md; core_01_b_interaction_interpretation.md; core_01_c_stewardship_capacity_principles.md; core_05_band_accountability.md; core_05_band_oversight.md; core_05_band_participation.md; corpus_systems.md,complete
XV,Info-Sphere Integrity,systems/trust/audit,core_06_rights_part_c.md,662,3.2; linked,2; 3.1; 3.2; 4; 5; 5.1; 6.1; 6.1.5; 6.2; 6.3; 7; 8; 9; 9.2; 10; 10.1; 11; 12; 13,participation; oversight; accountability; timeliness,flourishing; continuity,material stake; material impact,Wellbeing; Safety / Harm / Risk; Survival-floor access; Avoidable Burden; Ecological Footprint / Environmental Preconditions; Truth / Epistemic Integrity; Trustworthiness; Incentive Alignment / Proxy Integrity; Market Structure / Contestability; Timely Resolution,Contestability; Epistemic Integrity; Info-Sphere; Material Impact; Self-Determination,,Article XIII; Article XV; Article XVI; Article XVIII-E; Chapter One; core_00_preamble.md; core_01_a_values_principles.md; core_01_b_interaction_interpretation.md; core_05_band_accountability.md; core_05_band_oversight.md; core_05_band_participation.md; corpus_systems.md,complete
XV-A,Info-Sphere Plurality and Anti-Monopoly,systems/trust/audit,core_06_rights_part_c.md,699,3.2; 4; 12.5; linked,2; 3.1; 3.2; 4; 6.1; 6.2; 6.3; 7; 8; 10; 10.1; 11; 12; 13,oversight,,material impact,Safety / Harm / Risk; Survival-floor access; Truth / Epistemic Integrity; Market Structure / Contestability,Auditability; Epistemic Integrity; Material Impact; Truth (Constitutional Constraint),,Article XVI; Chapter Eight; Chapter Five; Chapter One; core_01_a_values_principles.md; core_05_band_oversight.md; core_08_a_system_alignment_certification_evaluation.md; corpus_systems.md,complete
XV-B,"Transparency, Auditability, and Contestability",systems/trust/audit,core_06_rights_part_c.md,733,3.2; 6.2; 16; linked,3.2; 6.2; 7; 8; 9; 9.2; 11; 12; 13,oversight; accountability,,material impact,Productive Capacity; Ecological Footprint / Environmental Preconditions; Accessibility; Truth / Epistemic Integrity; Market Structure / Contestability,Auditability; Contestability; Material Impact; Transparency,,Chapter One; core_01_a_values_principles.md; core_01_b_interaction_interpretation.md; core_01_c_stewardship_capacity_principles.md; core_05_band_accountability.md; core_05_band_oversight.md,complete
XV-C,"Validation, Reporting, and Epistemic Stewardship",systems/trust/audit,core_06_rights_part_c.md,770,3.2; 6.2; 12; linked,3.2; 6.2; 7; 8; 9; 9.2; 10; 10.1; 11; 12; 13,oversight,continuity,,Avoidable Burden; Ecological Footprint / Environmental Preconditions; Accessibility; Truth / Epistemic Integrity; Incentive Alignment / Proxy Integrity,Ecological Footprint; Transparency; Truth (Constitutional Constraint),,Chapter Eight; Chapter Five; Chapter One; core_01_a_values_principles.md; core_01_b_interaction_interpretation.md; core_05_band_continuity.md; core_05_band_oversight.md; core_08_a_system_alignment_certification_evaluation.md; corpus_systems.md,complete
XVI,"Audit, Transparency, and Independent Verification",systems/trust/audit,core_06_rights_part_c.md,804,3.1; 3.2; 6; 9.1; 13; linked,3.1; 3.2; 4; 5; 5.1; 6.1; 6.1.5; 6.2; 6.3; 7; 8; 9; 9.2; 10; 10.1; 11; 12; 13,participation; oversight; accountability; timeliness,flourishing; continuity,material stake; materiality,Wellbeing; Safety / Harm / Risk; Avoidable Burden; Productive Capacity; Dependency / Resource Flow; Accessibility; Truth / Epistemic Integrity; Trustworthiness; Incentive Alignment / Proxy Integrity; Market Structure / Contestability; Timely Resolution,Auditability; Classification-Scaled Governance; Dependency; Materiality; Risk; System Alignment Certification; Transparency,CJS-3.3; CJS-3.4; CJS-3.5; cjs_03o_oversight_operations.md; cjs_03o_oversight_operations.md#cjs-34-audit-process-output-disclosure; cjs_03u_audit_process.md#cjs-33-audit-process-home,Article XIII-A; Article XV; Article XVI; Chapter Eight; Chapter Five; Chapter One; core_00_preamble.md; core_01_a_values_principles.md; core_01_b_interaction_interpretation.md; core_01_c_stewardship_capacity_principles.md; core_05_band_continuity.md; core_05_band_oversight.md; core_08_a_system_alignment_certification_evaluation.md; corpus_systems.md,complete
XVI-A,Auditability and Observable Evidence,systems/trust/audit,core_06_rights_part_c.md,893,3.2; 6.2; 16; linked,3.2; 6.2; 7; 8; 9; 9.2; 11; 12; 13,oversight; accountability,,,Productive Capacity; Truth / Epistemic Integrity,Accountability; Auditability; Transparency,,Chapter One; core_01_a_values_principles.md; core_01_b_interaction_interpretation.md; core_01_c_stewardship_capacity_principles.md; core_05_apex_accountability_leg.md; core_05_band_oversight.md,complete
XVI-B,Distributed Oversight and Anti-Monopoly Review,systems/trust/audit,core_06_rights_part_c.md,918,3.2; 11; linked,3.2; 6.2; 7; 8; 9; 9.2; 10; 10.1; 11; 12; 13,oversight; accountability,continuity,,Productive Capacity; Truth / Epistemic Integrity; Incentive Alignment / Proxy Integrity; Market Structure / Contestability,Contestability; Oversight; System Capture,,Chapter Eight; Chapter One; core_01_a_values_principles.md; core_01_c_stewardship_capacity_principles.md; core_05_apex_oversight_leg.md; core_05_band_accountability.md; core_05_band_continuity.md; core_08_a_system_alignment_certification_evaluation.md,complete
XVI-C,Verification Accessibility,systems/trust/audit,core_06_rights_part_c.md,944,5; 6.1; 16; linked,3.1; 3.2; 5; 5.1; 6.1; 6.1.5; 6.2; 6.3; 7; 8; 9; 9.2; 11; 12; 13,oversight; accountability,,,Productive Capacity; Accessibility; Truth / Epistemic Integrity; Market Structure / Contestability; Timely Resolution,Auditability; Contestability; Proportionality,,Chapter One; core_01_a_values_principles.md; core_01_b_interaction_interpretation.md; core_01_c_stewardship_capacity_principles.md; core_05_band_accountability.md; core_05_band_oversight.md,complete
XVII,"System Lifecycle, Environments, and Reversibility",systems/trust/audit,core_06_rights_part_c.md,976,3.1; 5; 6; 9; 15; linked,3.1; 3.2; 5; 5.1; 6.1; 6.1.5; 6.2; 6.3; 7; 8; 9; 9.2; 10; 10.1; 11; 12; 13,participation; oversight; accountability; timeliness,flourishing; continuity,material stake; materiality,Wellbeing; Safety / Harm / Risk; Avoidable Burden; Productive Capacity; Ecological Footprint / Environmental Preconditions; Resilience / Systemic Risk; Dependency / Resource Flow; Proportionate Cross-System Support; Truth / Epistemic Integrity; Privacy / Data Stewardship; Market Structure / Contestability; Timely Resolution,Contestability; Dependency; Epistemic Integrity; Materiality; Reversibility; Risk; Safety (Constitutional Constraint),,Article XIII-F; Article XVI; Article XVII; Article XVIII; Chapter One; core_00_preamble.md; core_01_a_values_principles.md; core_01_b_interaction_interpretation.md; core_01_c_stewardship_capacity_principles.md; core_05_band_accountability.md; core_05_band_continuity.md; core_05_band_oversight.md,complete
XVII-A,Lifecycle Governance and Environment Separation,systems/trust/audit,core_06_rights_part_c.md,1023,3.1; 16; linked,3.1; 6.1; 6.3; 7; 8; 9; 9.2; 10; 10.1; 11; 12; 13,oversight; accountability,continuity,,Safety / Harm / Risk; Productive Capacity; Ecological Footprint / Environmental Preconditions; Privacy / Data Stewardship,Accountability; Classification-Scaled Governance; Risk,,Chapter Eight; Chapter One; core_01_a_values_principles.md; core_01_c_stewardship_capacity_principles.md; core_05_apex_accountability_leg.md; core_05_band_continuity.md; core_05_band_oversight.md; core_08_a_system_alignment_certification_evaluation.md; corpus_systems.md,complete
XVII-B,Progressive Deployment and Reversibility,systems/trust/audit,core_06_rights_part_c.md,1057,3.1; 6.1; linked,3.1; 3.2; 6.1; 6.1.5; 6.2; 6.3; 7; 8; 11; 12; 13,accountability,continuity,material impact,Safety / Harm / Risk; Resilience / Systemic Risk; Dependency / Resource Flow; Truth / Epistemic Integrity,Proportionality; Reversibility; Risk,,Chapter Eight; Chapter One; core_01_a_values_principles.md; core_01_b_interaction_interpretation.md; core_05_band_accountability.md; core_05_band_continuity.md; core_08_a_system_alignment_certification_evaluation.md; corpus_systems.md,complete
XVII-C,Misclassification and Evasion Consequences,systems/trust/audit,core_06_rights_part_c.md,1089,3.2; 16; linked,3.2; 6.1; 6.1.5; 6.2; 6.3; 8; 9; 9.2; 10; 10.1; 11; 12; 13,oversight; accountability,,,Productive Capacity; Truth / Epistemic Integrity; Privacy / Data Stewardship,Accountability; Classification-Scaled Governance; Truth (Constitutional Constraint),,Article XIX-A; Article XV; Article XVI-A; Article XX-A; Chapter Eight; Chapter One; core_01_a_values_principles.md; core_01_c_stewardship_capacity_principles.md; core_05_apex_accountability_leg.md; core_05_band_oversight.md; core_08_a_system_alignment_certification_evaluation.md,complete
XVIII,"Sandboxed Innovation, Experimentation, and Creative Freedom",systems/trust/audit,core_06_rights_part_c.md,1116,3.1; 5; 6; 12; linked,3.1; 3.2; 5; 5.1; 6.1; 6.1.5; 6.2; 6.3; 7; 8; 9; 9.2; 10; 10.1; 11; 12; 13,participation; oversight; accountability; timeliness,flourishing; continuity,material stake,Wellbeing; Safety / Harm / Risk; Avoidable Burden; Productive Capacity; Ecological Footprint / Environmental Preconditions; Resilience / Systemic Risk; Dependency / Resource Flow; Educational Agency; Truth / Epistemic Integrity; Privacy / Data Stewardship; Incentive Alignment / Proxy Integrity; Timely Resolution,,,Article XV; Article XVI; Article XVII; Article XVIII; Article XVIII-E; Chapter One; core_00_preamble.md; core_01_a_values_principles.md; core_01_b_interaction_interpretation.md; core_01_c_stewardship_capacity_principles.md,complete
XVIII-A,Sandboxed Scope,systems/trust/audit,core_06_rights_part_c.md,1146,3.1; 5; linked,3.1; 5; 5.1; 6.1; 6.3; 7; 10; 10.1,oversight,continuity,material impact,Safety / Harm / Risk; Resilience / Systemic Risk,Classification-Scaled Governance; Material Impact; Risk,,Chapter Eight; Chapter One; core_01_a_values_principles.md; core_05_band_continuity.md; core_05_band_oversight.md; core_08_a_system_alignment_certification_evaluation.md; corpus_systems.md,complete
XVIII-B,"Containment, Disclosure, and Opt-In",systems/trust/audit,core_06_rights_part_c.md,1178,3.1; 5; 6.1; linked,3.1; 3.2; 5; 5.1; 6.1; 6.2; 6.3; 7; 8; 11; 12; 13,participation,continuity,material risk,Safety / Harm / Risk; Resilience / Systemic Risk; Dependency / Resource Flow; Proportionate Cross-System Support; Truth / Epistemic Integrity,Consent; Reversibility; Risk,,Chapter One; core_01_a_values_principles.md; core_01_b_interaction_interpretation.md; core_05_band_continuity.md; core_05_band_participation.md,complete
XVIII-C,Transition to Higher-Obligation Regimes,systems/trust/audit,core_06_rights_part_c.md,1211,3.1; 16; linked,3.1; 6.1; 6.3; 7; 9; 9.2; 10; 10.1; 11; 12; 13,oversight,continuity,,Safety / Harm / Risk; Avoidable Burden; Productive Capacity; Ecological Footprint / Environmental Preconditions; Resilience / Systemic Risk; Dependency / Resource Flow; Privacy / Data Stewardship; Timely Resolution,Classification-Scaled Governance; Dependency; Reversibility,,Article XVII-A; Chapter Eight; Chapter One; core_01_a_values_principles.md; core_01_c_stewardship_capacity_principles.md; core_05_band_continuity.md; core_05_band_oversight.md; core_08_a_system_alignment_certification_evaluation.md,complete
XVIII-D,"Innovation Reward, Disclosure, and Anti-Enclosure",systems/trust/audit,core_06_rights_part_c.md,1239,3.2; 5; 11; linked,2; 3.1; 3.2; 5; 5.1; 6.1; 6.1.5; 6.2; 6.3; 7; 8; 9; 9.2; 10; 10.1; 11; 12; 13,participation; accountability,continuity,,Safety / Harm / Risk; Survival-floor access; Avoidable Burden; Productive Capacity; Ecological Footprint / Environmental Preconditions; Dependency / Resource Flow; Accessibility; Educational Agency; Truth / Epistemic Integrity; Privacy / Data Stewardship; Timely Resolution,Innovation Reward and Anti-Enclosure; Proportionality; Systemic Lock-In,,Article XVII-A; Chapter One; core_01_a_values_principles.md; core_01_b_interaction_interpretation.md; core_01_c_stewardship_capacity_principles.md; core_05_band_accountability.md; core_05_band_continuity.md; core_05_band_integrative.md; corpus_systems.md,complete
XVIII-E,"Scientific Publication, Review, and Replication Integrity",systems/trust/audit,core_06_rights_part_c.md,1319,3.2; 6.2; 16; linked,3.1; 3.2; 4; 6.1; 6.1.5; 6.2; 6.3; 7; 8; 9; 9.2; 10; 10.1; 11; 12; 13,oversight,,material impact,Safety / Harm / Risk; Productive Capacity; Ecological Footprint / Environmental Preconditions; Dependency / Resource Flow; Educational Agency; Truth / Epistemic Integrity; Privacy / Data Stewardship; Trustworthiness; Market Structure / Contestability,Auditability; Epistemic Integrity; Material Impact; Truth (Constitutional Constraint),,Article XVII-A; Chapter One; core_01_a_values_principles.md; core_01_b_interaction_interpretation.md; core_01_c_stewardship_capacity_principles.md; core_05_band_oversight.md; core_06_rights_part_b.md](core_06_rights_part_b.md; core_06_rights_part_d.md](core_06_rights_part_d.md,complete
XIX,Standing and Participation Status,standing/interpretation,core_06_rights_part_d.md,82,5; 8; 8.1; linked,2; 3.1; 3.2; 5; 5.1; 6.1; 6.1.5; 6.2; 6.3; 7; 8; 10; 10.1,participation; oversight; accountability; timeliness,flourishing; continuity,material stake; material impact,Wellbeing; Safety / Harm / Risk; Survival-floor access; Avoidable Burden; Substantive Fairness; Truth / Epistemic Integrity; Market Structure / Contestability; Timely Resolution,Competency Bar; Contestability; Dignity and Equal Moral Standing; Material Impact; Participant Standing; Redress and Remediation; Stakeholder; Standing Effect; Standing Lock; System Alignment Certification,,Article III-A; Article VI-A; Article XII; Article XIX; Article XXI; Article XXV-C; Chapter Eleven; Chapter One; core_00_preamble.md; core_01_a_values_principles.md; core_01_b_interaction_interpretation.md; core_05_band_accountability.md; core_05_band_continuity.md; core_05_band_oversight.md; core_05_band_participation.md; core_09_standing_assessment.md; core_10_standing_integration.md; core_13_governance.md,complete
XIX-A,Standing Distinction,standing/interpretation,core_06_rights_part_d.md,137,4; 5; 16; linked,2; 3.1; 3.2; 4; 5; 5.1; 6.2; 8; 9; 9.2; 10; 10.1; 11; 12; 13,participation; oversight; accountability,,material stake,Survival-floor access; Productive Capacity; Incentive Alignment / Proxy Integrity,Competency Bar; Competency Clearance; Dignity and Equal Moral Standing; Participant Standing; Stakeholder; Stakeholder Weight; Standing Lock; Violation Nature,,Article VI-A; Article VI-B; Article XI-D; Chapter Eleven; Chapter Five; Chapter One; core_01_a_values_principles.md; core_01_c_stewardship_capacity_principles.md; core_05_band_accountability.md; core_05_band_participation.md; core_06_rights_part_b.md; core_09_standing_assessment.md; core_10_standing_integration.md,complete
XIX-B,Contestability and Proportional Restriction Limits,standing/interpretation,core_06_rights_part_d.md,188,5; 6.1; 6.1.5; linked,2; 3.1; 3.2; 4; 5; 5.1; 6.1; 6.1.5; 6.2; 6.3; 7; 8; 10; 10.1; 11; 12; 13,participation; oversight; accountability; timeliness,continuity,,Safety / Harm / Risk; Survival-floor access; Avoidable Burden; Productive Capacity; Dependency / Resource Flow; Substantive Fairness; Accessibility; Truth / Epistemic Integrity; Trustworthiness; Market Structure / Contestability; Timely Resolution,Auditability; Competency Bar; Competency Clearance; Contestability; Contribution Nature; Necessity; Procedural Fairness; Proportionality; Redress and Remediation; Standing Lock; System Alignment Certification; Violation Nature; verified violation finding,,Article III-A; Article VI; Article XIII-A; Article XIII-B; Article XV-B; Article XVI; Article XX-B; Article XXV-C; Chapter Five; Chapter One; core_00_preamble.md; core_01_a_values_principles.md; core_01_b_interaction_interpretation.md; core_05_band_accountability.md; core_05_band_continuity.md; core_05_band_oversight.md; core_05_band_participation.md; core_09_standing_assessment.md; core_10_standing_integration.md; core_12_forum.md,complete
XIX-C,"Named-Pathway Eligibility, Responsibility, and Continuous Audit",standing/interpretation,core_06_rights_part_d.md,255,4; 11; linked,3.1; 3.2; 4; 5; 5.1; 6.1; 6.1.5; 6.2; 6.3; 7; 8; 9; 9.2; 10; 10.1; 11; 12; 13,participation; oversight; accountability,continuity,,Productive Capacity; Substantive Fairness,Accountability; Collective Accountability Failure; Competency Bar; Competency Clearance; Foundational Constitutional Choice; Necessity; Participant Standing; Procedural Fairness; Proportionality; Protected Characteristics; Standing Lock; Trust,,Chapter Eight; Chapter Eleven; Chapter Five; Chapter One; core_01_a_values_principles.md; core_01_c_stewardship_capacity_principles.md; core_05_apex_accountability_leg.md; core_05_band_accountability.md; core_05_band_continuity.md; core_05_band_integrative.md; core_05_band_participation.md; core_08_a_system_alignment_certification_evaluation.md; core_10_standing_integration.md; core_13_governance.md,complete
XIX-D,"Movement, Migration, Refuge, and Non-Statelessness Routing",standing/interpretation,core_06_rights_part_d.md,310,6.1.5; 9; linked,3.1; 4; 5; 5.1; 6.1; 6.1.5; 6.3; 7; 8; 9; 9.2; 10; 10.1; 11; 12; 13,participation; oversight,,,Productive Capacity; Market Structure / Contestability,Non-Statelessness,,Article XX-B; Article XXI; Article XXI-D; Chapter One; core_01_b_interaction_interpretation.md; core_01_c_stewardship_capacity_principles.md; core_05_band_participation.md; core_10_standing_integration.md,complete
XX,Justice After Verified Violation,justice/emergency/transition,core_06_rights_part_d.md,330,2; 3.1; 5; 11; linked,2; 3.1; 5; 5.1; 6.1; 6.1.5; 6.3; 7; 9; 9.2; 10; 10.1; 11; 12; 13,participation; accountability; timeliness,,,Wellbeing; Safety / Harm / Risk; Avoidable Burden; Productive Capacity; Market Structure / Contestability; Timely Resolution,Contestability; Procedural Fairness,,Article XIII-B; Article XIX; Article XX; Article XX-A; Article XX-B; Article XXV; Chapter Eleven; Chapter One; core_01_a_values_principles.md; core_01_c_stewardship_capacity_principles.md; core_05_band_accountability.md; core_05_band_participation.md; core_06_rights_part_c.md; core_06_rights_part_d.md; core_06_rights_part_e.md; core_10_standing_integration.md; core_11_a_misconduct_designation.md; core_12_forum.md,missing_ch0_measurement_frame
XX-A,Justice Objective and Scope,justice/emergency/transition,core_06_rights_part_d.md,363,2.3; 3.1; 6.1.5; 16; linked,3.1; 3.2; 6.1; 6.1.5; 6.2; 6.3; 7; 8; 9; 9.2; 11; 12; 13,accountability,,,Safety / Harm / Risk; Productive Capacity,Accountability; Adjudication and Dispute Resolution; Cruelty; Redress and Remediation,,Article XX-B; Chapter Five; Chapter One; core_01_a_values_principles.md; core_01_b_interaction_interpretation.md; core_01_c_stewardship_capacity_principles.md; core_05_apex_accountability_leg.md; core_05_band_accountability.md; core_10_standing_integration.md,complete
XX-B,Restriction Floors,justice/emergency/transition,core_06_rights_part_d.md,396,3.1; 6.1; 6.1.5; 7; linked,2; 3.1; 3.2; 5; 5.1; 6.1; 6.1.5; 6.2; 6.3; 7; 8; 10; 10.1; 11; 12; 13,accountability,continuity,,Safety / Harm / Risk; Avoidable Burden; Resilience / Systemic Risk; Substantive Fairness; Market Structure / Contestability; Timely Resolution,Accountability; Contestability; Necessity; Proportionality; Redress and Remediation; Reversibility; Safety (Constitutional Constraint),,Article VI; Article VII-D; Article XXV-C; Chapter Eleven; Chapter One; core_01_a_values_principles.md; core_01_b_interaction_interpretation.md; core_05_apex_accountability_leg.md; core_05_band_accountability.md; core_05_band_continuity.md; core_06_rights_part_e.md; core_10_standing_integration.md; core_11_a_misconduct_designation.md; core_12_forum.md,complete
XXI,"Interoperability, Portability, Movement, Refuge, and Exit Integrity",standing/interpretation,core_06_rights_part_d.md,464,5; 5.1; 14; linked,3.1; 5; 5.1; 6.1; 6.1.5; 6.3; 7; 9; 9.2; 10; 10.1; 11; 12; 13,participation; oversight; accountability; timeliness,flourishing; continuity,material stake; material impact,Wellbeing; Avoidable Burden; Productive Capacity; Ecological Footprint / Environmental Preconditions; Resilience / Systemic Risk; Dependency / Resource Flow; Privacy / Data Stewardship; Market Structure / Contestability; Timely Resolution,"*Systemic Lock-In*; Chapter Five *Governance Architecture, Oversight, Dependency, Decentralization, Concentration, Market Structure, and Exit-Path Integrity*; Chapter Five *Movement, Refuge, Non-Statelessness, and Exit Integrity*; Dependency; Material Impact; Meaningful Agency; Movement and Relocation; Necessity; Non-Statelessness; Proportionality; Refuge from Non-Compliance; Sentience Non-Exclusion; Systemic Lock-In",,Article XIX; Article XVII; Article XX-B; Article XXI; Article XXV-C; Article XXVII; Chapter Five; Chapter One; core_00_preamble.md; core_01_a_values_principles.md; core_01_c_stewardship_capacity_principles.md; core_05_band_accountability.md; core_05_band_continuity.md; core_05_band_oversight.md; core_05_band_participation.md; core_10_standing_integration.md,complete
XXI-A,Portability Rights,standing/interpretation,core_06_rights_part_d.md,517,5; 6.1; linked,3.1; 5; 5.1; 6.1; 6.1.5; 6.3; 7; 8,participation; accountability,continuity,,Safety / Harm / Risk; Avoidable Burden; Market Structure / Contestability; Timely Resolution,Meaningful Agency; Proportionality; Systemic Lock-In,,Chapter Eight; Chapter One; core_01_a_values_principles.md; core_01_b_interaction_interpretation.md; core_05_band_accountability.md; core_05_band_continuity.md; core_05_band_participation.md; core_08_a_system_alignment_certification_evaluation.md,complete
XXI-B,Reciprocal Interoperability Boundaries,standing/interpretation,core_06_rights_part_d.md,547,5; 6.1; linked,3.2; 5; 5.1; 6.1; 6.1.5; 6.2; 6.3; 7; 8; 11; 12; 13,accountability,continuity,,Avoidable Burden; Dependency / Resource Flow,Dependency; Feasibility; Proportionality,,Chapter Eight; Chapter One; core_01_a_values_principles.md; core_01_b_interaction_interpretation.md; core_05_band_accountability.md; core_05_band_continuity.md; core_08_a_system_alignment_certification_evaluation.md,complete
XXI-C,Anti-Lock-In Rule,standing/interpretation,core_06_rights_part_d.md,573,5; 11; linked,5; 5.1; 9; 9.2; 10; 10.1; 11; 12; 13,participation,continuity,,Productive Capacity; Dependency / Resource Flow; Market Structure / Contestability,Dependency; Meaningful Agency; Systemic Lock-In,,Chapter Eight; Chapter Five; Chapter One; core_01_a_values_principles.md; core_01_c_stewardship_capacity_principles.md; core_05_band_continuity.md; core_05_band_participation.md; core_08_a_system_alignment_certification_evaluation.md,complete
XXI-D,"Movement, Migration, Refuge, and Non-Statelessness",standing/interpretation,core_06_rights_part_d.md,604,3.1; 5; 5.1; 6.1.3; linked,2; 3.1; 3.2; 5; 5.1; 6.1; 6.1.5; 6.2; 6.3; 7; 8; 10; 10.1; 11; 12; 13,participation; oversight; accountability,continuity,,Safety / Harm / Risk; Survival-floor access; Avoidable Burden; Productive Capacity; Ecological Footprint / Environmental Preconditions; Substantive Fairness; Market Structure / Contestability; Timely Resolution,"Chapter Five *Movement, Refuge, Non-Statelessness, and Exit Integrity*; Feasibility; Movement and Relocation; Necessity; Non-Statelessness; Occupancy Continuity; Procedural Fairness; Proportionality; Protected Characteristics; Redress and Remediation; Refuge from Non-Compliance; Sentience Non-Exclusion; Systemic Lock-In",,Article I-A; Article VI-A; Article VI-C; Article XII; Article XIX; Article XX-B; Article XXI-A; Article XXI-C; Article XXVII; Chapter Five; Chapter One; core_01_a_values_principles.md; core_01_b_interaction_interpretation.md; core_05_band_accountability.md; core_05_band_continuity.md; core_05_band_oversight.md; core_05_band_participation.md; core_10_standing_integration.md,complete
XXII,Comprehensibility and Complexity Stewardship,standing/interpretation,core_06_rights_part_d.md,698,3.4; 6.3; 9.1; linked,2; 3.1; 3.2; 5; 5.1; 6.1; 6.2; 6.3; 7; 8; 9; 9.2; 11; 12; 13,participation; oversight; accountability; timeliness,flourishing; continuity,material stake; materiality,Wellbeing; Safety / Harm / Risk; Survival-floor access; Constitutional Efficiency; Avoidable Burden; Productive Capacity; Ecological Footprint / Environmental Preconditions; Dependency / Resource Flow; Accessibility; Truth / Epistemic Integrity; Market Structure / Contestability; Timely Resolution,Auditability; Avoidable Burden; Constitutional Efficiency; Contestability; Materiality; Meaningful Agency; Productive Capacity; Safety (Constitutional Constraint); Truth (Constitutional Constraint),,Article XXII; Chapter Five; Chapter One; core_00_preamble.md; core_01_a_values_principles.md; core_01_b_interaction_interpretation.md; core_01_c_stewardship_capacity_principles.md; core_05_band_accountability.md; core_05_band_continuity.md; core_05_band_oversight.md; core_05_band_participation.md,complete
XXII-A,Proportional Comprehensibility Right,standing/interpretation,core_06_rights_part_d.md,749,3.2; 3.4; 5; 6.3; 9.1; linked,3.1; 3.2; 5; 5.1; 6.1; 6.2; 6.3; 7; 8; 9; 9.2; 11; 12; 13,participation; oversight; accountability,,material impact,Safety / Harm / Risk; Avoidable Burden; Productive Capacity; Accessibility; Truth / Epistemic Integrity,Feasibility; Material Impact; Transparency,,Chapter Eight; Chapter One; core_01_a_values_principles.md; core_01_b_interaction_interpretation.md; core_01_c_stewardship_capacity_principles.md; core_05_band_accountability.md; core_05_band_oversight.md; core_08_a_system_alignment_certification_evaluation.md,complete
XXII-B,Complexity Audit and Modularity Requirements,standing/interpretation,core_06_rights_part_d.md,780,3.1; 11.4; 16; linked,3.1; 3.2; 5; 5.1; 6.1; 6.1.5; 6.2; 6.3; 7; 8; 9; 9.2; 11; 12; 13,oversight,continuity,,Safety / Harm / Risk; Productive Capacity; Dependency / Resource Flow; Market Structure / Contestability,Auditability; Dependency; System Boundary Integrity,,Chapter Eight; Chapter One; core_01_a_values_principles.md; core_01_c_stewardship_capacity_principles.md; core_05_band_continuity.md; core_05_band_oversight.md; core_08_a_system_alignment_certification_evaluation.md; corpus_systems.md,complete
XXIII,Root Cause Analysis and Adaptive Response,standing/interpretation,core_06_rights_part_d.md,818,3.1; 3.2; 6.1; linked,3.1; 3.2; 4; 6.1; 6.2; 6.3; 7; 8; 10; 10.1; 11; 12; 13,participation; oversight; accountability; timeliness,flourishing; continuity,material stake; materiality,Wellbeing; Safety / Harm / Risk; Avoidable Burden; Ecological Footprint / Environmental Preconditions; Resilience / Systemic Risk; Dependency / Resource Flow; Truth / Epistemic Integrity; Privacy / Data Stewardship; Trustworthiness; Incentive Alignment / Proxy Integrity; Market Structure / Contestability; Timely Resolution,Anti-Capture; Auditability; Contestability; Materiality; Reversibility; Risk; System Capture,,Article XIII-A; Article XVI; Article XVI-A; Article XVII; Article XXIII; Chapter Eight; Chapter Five; Chapter One; core_00_preamble.md; core_01_a_values_principles.md; core_01_b_interaction_interpretation.md; core_05_band_accountability.md; core_05_band_continuity.md; core_05_band_oversight.md; core_08_a_system_alignment_certification_evaluation.md; corpus_systems.md,complete
XXIII-A,Diagnostic Rigor and Causal Attribution,standing/interpretation,core_06_rights_part_d.md,864,3.1; 3.2; linked,3.1; 3.2; 4; 6.1; 6.2; 6.3; 7; 8; 10; 10.1,oversight; accountability,,,Safety / Harm / Risk; Truth / Epistemic Integrity; Trustworthiness; Market Structure / Contestability,Accountability; Auditability; Foreseeability,,Article XIII-A; Article XIII-B; Article XV; Article XVI; Article XVI-A; Article XXIII; Chapter Eight; Chapter One; core_01_a_values_principles.md; core_05_apex_accountability_leg.md; core_05_band_oversight.md; core_08_a_system_alignment_certification_evaluation.md,complete
XXIII-B,"Auditability, Challenge, and Reversibility Preference",standing/interpretation,core_06_rights_part_d.md,896,3.1; 6.1; linked,3.1; 3.2; 6.1; 6.2; 6.3; 7; 8; 10; 10.1,oversight,continuity,,Safety / Harm / Risk; Resilience / Systemic Risk; Incentive Alignment / Proxy Integrity; Timely Resolution,Auditability; Reversibility; Risk,,Chapter Eight; Chapter One; core_01_a_values_principles.md; core_01_b_interaction_interpretation.md; core_05_band_continuity.md; core_05_band_oversight.md; core_08_a_system_alignment_certification_evaluation.md,complete
XXIV,"Constitutional Interpretation, Review, and Anti-Capture Safeguards",standing/interpretation,core_06_rights_part_d.md,929,3.2; 6.1.5; 11; 16; linked,3.2; 4; 6.1; 6.1.5; 6.2; 6.3; 7; 8; 9; 9.2; 10; 10.1; 11; 12; 13,participation; oversight; accountability; timeliness,flourishing; continuity,material stake,Wellbeing; Avoidable Burden; Productive Capacity; Dependency / Resource Flow; Truth / Epistemic Integrity; Trustworthiness; Incentive Alignment / Proxy Integrity; Market Structure / Contestability,"Anti-Capture; Auditability; Authority Stack and Internal Hierarchy; Contestability; Forum Family, Constitutional; System Capture",,Article XIII-A; Article XX; Article XXIV; Article XXVI-A; Chapter Five; Chapter One; core_00_preamble.md; core_01_a_values_principles.md; core_01_b_interaction_interpretation.md; core_01_c_stewardship_capacity_principles.md; core_05_band_accountability.md; core_05_band_continuity.md; core_05_band_integrative.md; core_05_band_oversight.md; core_06_rights_part_d.md; core_06_rights_part_e.md; core_12_forum.md; corpus_institutions.md,complete
XXIV-A,Bounded Interpretive Mandate,standing/interpretation,core_06_rights_part_d.md,975,6.1.5; 7; 11; 16; linked,6.1; 6.1.5; 6.3; 7; 8; 9; 9.2; 10; 10.1; 11; 12; 13,participation; oversight; accountability; timeliness,,,Avoidable Burden; Productive Capacity; Incentive Alignment / Proxy Integrity; Market Structure / Contestability,"Authority Stack and Internal Hierarchy; Contestability; Forum Family, Constitutional",,Chapter One; core_00_preamble.md; core_01_b_interaction_interpretation.md; core_01_c_stewardship_capacity_principles.md; core_05_band_accountability.md; core_05_band_integrative.md,complete
XXIV-B,"Composition, Rotation, and Conflict Controls",standing/interpretation,core_06_rights_part_d.md,1011,6.1.5; 11; 16; linked,3.2; 6.1; 6.1.5; 6.2; 6.3; 7; 8; 9; 9.2; 10; 10.1; 11; 12; 13,participation; accountability,continuity,,Avoidable Burden; Productive Capacity; Truth / Epistemic Integrity; Incentive Alignment / Proxy Integrity,"Forum Family, Constitutional; Procedural Fairness; System Capture",,Chapter Eleven; Chapter One; core_01_b_interaction_interpretation.md; core_01_c_stewardship_capacity_principles.md; core_05_band_accountability.md; core_05_band_continuity.md; core_05_band_participation.md; core_10_standing_integration.md; core_11_b_misconduct_pattern_applications.md; core_12_forum.md; corpus_institutions.md,complete
XXIV-C,"Public Reasons, Challenge Rights, and External Review",standing/interpretation,core_06_rights_part_d.md,1046,3.2; 6.1.5; 16; linked,3.2; 6.1; 6.1.5; 6.2; 6.3; 7; 8; 9; 9.2; 10; 10.1; 11; 12; 13,oversight; accountability,continuity,,Avoidable Burden; Productive Capacity; Accessibility; Truth / Epistemic Integrity; Incentive Alignment / Proxy Integrity; Market Structure / Contestability,Accountability; Auditability; Contestability,,Chapter One; core_01_a_values_principles.md; core_01_b_interaction_interpretation.md; core_01_c_stewardship_capacity_principles.md; core_05_apex_accountability_leg.md; core_05_band_accountability.md; core_05_band_oversight.md; core_12_forum.md,complete
XXIV-D,Removal for Cause and Non-Entrenchment,standing/interpretation,core_06_rights_part_d.md,1089,6.1.5; 11; 16; linked,3.1; 3.2; 6.1; 6.1.5; 6.2; 6.3; 7; 8; 9; 9.2; 10; 10.1; 11; 12; 13,participation; accountability,continuity,,Safety / Harm / Risk; Productive Capacity; Incentive Alignment / Proxy Integrity,Accountability; Procedural Fairness; System Capture,,Article XXVI-A; Chapter One; core_01_b_interaction_interpretation.md; core_01_c_stewardship_capacity_principles.md; core_05_apex_accountability_leg.md; core_05_band_continuity.md; core_05_band_participation.md; core_06_rights_part_c.md](core_06_rights_part_c.md; core_06_rights_part_e.md; core_06_rights_part_e.md](core_06_rights_part_e.md,complete
XXV,Timely Retrospective Review and Restorative Alignment,justice/emergency/transition,core_06_rights_part_e.md,67,3.1; 6; 8; linked,3.1; 3.2; 6.1; 6.1.5; 6.2; 6.3; 7; 8; 10; 10.1,participation; oversight; accountability; timeliness,flourishing; continuity,material stake; materiality,Wellbeing; Safety / Harm / Risk; Avoidable Burden; Truth / Epistemic Integrity; Privacy / Data Stewardship; Market Structure / Contestability; Timely Resolution,"*Accountability, Contestability, Adjudication and Dispute Resolution, Collective Accountability Failure, and Force Majeure*; *Adjudication and Dispute Resolution*; *Timely Resolution*; Adjudication and Dispute Resolution; Auditability; Contestability; Procedural Fairness; Restorative Justice; Timeliness; Timely Resolution; Transparency",,Article XIII-B; Article XX; Article XXV; Article XXV-A; Article XXV-B; Article XXV-C; Chapter Five; Chapter One; core_00_preamble.md; core_01_a_values_principles.md; core_01_b_interaction_interpretation.md; core_05_apex_accountability_leg.md; core_05_apex_timeliness_leg.md; core_05_band_accountability.md; core_05_band_oversight.md; core_05_band_participation.md; core_06_rights_part_c.md; core_12_forum.md,complete
XXV-A,Retrospective Review and Disclosure,justice/emergency/transition,core_06_rights_part_e.md,125,3.2; 6.2; 16; linked,3.1; 3.2; 6.1; 6.1.5; 6.2; 6.3; 7; 8; 9; 9.2; 11; 12; 13,oversight; accountability,,,Safety / Harm / Risk; Avoidable Burden; Productive Capacity; Truth / Epistemic Integrity,Accountability; Auditability; Truth (Constitutional Constraint),,Chapter One; core_01_a_values_principles.md; core_01_b_interaction_interpretation.md; core_01_c_stewardship_capacity_principles.md; core_05_apex_accountability_leg.md; core_05_band_oversight.md,complete
XXV-B,Rights-Collision Procedure and Restorative Alignment,justice/emergency/transition,core_06_rights_part_e.md,162,6.1.5; 7; 16; linked,3.1; 3.2; 6.1; 6.1.5; 6.2; 6.3; 7; 8; 9; 9.2; 11; 12; 13,accountability,,,Safety / Harm / Risk; Avoidable Burden; Productive Capacity; Market Structure / Contestability; Timely Resolution,Contestability; Proportionality; Restorative Justice,,Article XI-F; Chapter Eleven; Chapter Five; Chapter One; core_01_b_interaction_interpretation.md; core_01_c_stewardship_capacity_principles.md; core_05_band_accountability.md; core_10_standing_integration.md; core_11_a_misconduct_designation.md,complete
XXV-C,Timely Resolution and Anti-Delay Floor,justice/emergency/transition,core_06_rights_part_e.md,200,6.1.5; 6.3; 13.2; linked,3.1; 6.1; 6.1.5; 6.3; 7; 8; 9; 9.2; 10; 10.1; 11; 12; 13,oversight; accountability; timeliness,continuity,material stake; materiality,Safety / Harm / Risk; Constitutional Efficiency; Avoidable Burden; Productive Capacity; Accessibility; Truth / Epistemic Integrity; Incentive Alignment / Proxy Integrity; Market Structure / Contestability; Timely Resolution,Adjudication and Dispute Resolution; Avoidable Burden; Capture of Resolution Pathways; Constitutional Efficiency; Materiality; Timely Resolution,,Article XX-A; Article XX-B; Chapter One; core_00_preamble.md; core_01_b_interaction_interpretation.md; core_01_c_stewardship_capacity_principles.md; core_05_band_accountability.md; core_05_band_continuity.md; core_05_band_oversight.md; core_09-12_application_vignettes.md; core_09_standing_assessment.md; core_12_forum.md,complete
XXVI,Constitutional Evolution and Non-Entrenchment,justice/emergency/transition,core_06_rights_part_e.md,244,11.3; linked,3.1; 3.2; 6.1; 6.2; 6.3; 7; 8; 9; 9.2; 10; 10.1; 11; 12; 13,participation; oversight; accountability; timeliness,flourishing; continuity,material stake,Wellbeing; Avoidable Burden; Productive Capacity; Incentive Alignment / Proxy Integrity,Governance,,Article XXVI; Article XXVI-A; Article XXVI-B; Chapter One; core_00_preamble.md; core_01_c_stewardship_capacity_principles.md; core_05_band_accountability.md,complete
XXVI-A,Non-Entrenchment and Revisability,justice/emergency/transition,core_06_rights_part_e.md,264,2; 7; 11.3; linked,2; 3.1; 3.2; 6.2; 7; 8; 9; 9.2; 10; 10.1; 11; 12; 13,participation; oversight; accountability,,,Wellbeing; Productive Capacity; Incentive Alignment / Proxy Integrity,Accountability; Stakeholder; Transparency,,Chapter Eight; Chapter One; core_01_a_values_principles.md; core_01_b_interaction_interpretation.md; core_01_c_stewardship_capacity_principles.md; core_05_apex_accountability_leg.md; core_05_band_oversight.md; core_05_band_participation.md; core_08_a_system_alignment_certification_evaluation.md,complete
XXVI-B,Periodic Revalidation and Transparent Change,justice/emergency/transition,core_06_rights_part_e.md,295,3.2; 7; linked,3.1; 3.2; 6.1; 6.2; 6.3; 7; 8,oversight; accountability,,,Substantive Fairness; Educational Agency; Truth / Epistemic Integrity; Market Structure / Contestability,Accountability; Contestability; Transparency,,Chapter Eight; Chapter One; core_01_a_values_principles.md; core_01_b_interaction_interpretation.md; core_05_apex_accountability_leg.md; core_05_band_accountability.md; core_05_band_oversight.md; core_08_a_system_alignment_certification_evaluation.md,complete
XXVII,"Transition Governance, Continuity, and Re-Baselining",justice/emergency/transition,core_06_rights_part_e.md,328,linked,2; 3.1; 3.2; 4; 5; 5.1; 6.1; 6.1.5; 6.2; 6.3; 7; 8; 10; 10.1,participation; oversight; accountability; timeliness,flourishing; continuity,material stake,Wellbeing; Safety / Harm / Risk; Avoidable Burden; Truth / Epistemic Integrity; Trustworthiness; Timely Resolution,Governance,,Article XXVII; core_00_preamble.md; core_01_b_interaction_interpretation.md; core_05_band_accountability.md,complete
XXVII-A,Phased Adoption and Rights-Floor Continuity,justice/emergency/transition,core_06_rights_part_e.md,351,3.1; 6.1; linked,2; 3.1; 3.2; 5; 5.1; 6.1; 6.1.5; 6.2; 6.3; 7; 8; 10; 10.1,oversight; accountability,continuity,,Wellbeing; Safety / Harm / Risk; Survival-floor access; Avoidable Burden; Substantive Fairness; Accessibility; Truth / Epistemic Integrity; Timely Resolution,Accountability; Evidence Preservation; Necessity; Proportionality; System Alignment Certification; Wellbeing,,Article VI; Article VI-B; Article VIII-A; Article VIII-C; Article VIII-E; Article XXVII; Article XXVII-B; Chapter Eight; Chapter Five; Chapter One; core_01_a_values_principles.md; core_01_b_interaction_interpretation.md; core_05_apex_accountability_leg.md; core_05_band_accountability.md; core_05_band_continuity.md; core_05_band_oversight.md; core_08_a_system_alignment_certification_evaluation.md; core_10_standing_integration.md,complete
XXVII-B,Transitional Authority Limits and Reauthorization,justice/emergency/transition,core_06_rights_part_e.md,401,3.1; 6.1; 7; linked,3.1; 6.1; 6.1.5; 6.3; 7; 8; 10; 10.1,oversight; accountability,,,Safety / Harm / Risk; Avoidable Burden; Timely Resolution,Accountability; Necessity; Proportionality,,Chapter One; core_01_a_values_principles.md; core_01_b_interaction_interpretation.md; core_05_apex_accountability_leg.md; core_05_band_accountability.md,complete
XXVII-C,"Failure Off-Ramps, Re-Baselining, and Traceability",justice/emergency/transition,core_06_rights_part_e.md,437,3.1; 6.1; 16; linked,3.1; 3.2; 4; 6.1; 6.2; 6.3; 7; 8; 9; 9.2; 10; 10.1; 11; 12; 13,oversight; accountability,continuity,materiality,Safety / Harm / Risk; Avoidable Burden; Productive Capacity; Resilience / Systemic Risk; Truth / Epistemic Integrity; Trustworthiness; Timely Resolution,Accountability; Auditability; Reversibility; System Alignment Certification,,Chapter Eight; Chapter One; core_00_preamble.md; core_01_a_values_principles.md; core_01_b_interaction_interpretation.md; core_01_c_stewardship_capacity_principles.md; core_05_apex_accountability_leg.md; core_05_band_continuity.md; core_05_band_oversight.md; core_08_a_system_alignment_certification_evaluation.md,complete
XXVII-D,Non-Compliant Property and Systems; Voluntary Turnover Incentives,justice/emergency/transition,core_06_rights_part_e.md,475,3.1; 6.1.5; 6.3; linked,2; 3.1; 3.2; 4; 5; 5.1; 6.1; 6.1.5; 6.2; 6.3; 7; 8; 10; 10.1,participation; accountability,continuity,,Wellbeing; Safety / Harm / Risk; Survival-floor access; Avoidable Burden; Substantive Fairness; Trustworthiness,Necessity; Proportionality; Protected Reporting (Whistleblowing); Substantive Fairness,CJS-3.6,Article III-A; Article VI-B; Article XI-G; Article XIII; Article XIII-A; Article XIII-E; Article XX-B; Article XXVII-A; Article XXVII-B; Chapter Eight; Chapter One; core_01_a_values_principles.md; core_01_b_interaction_interpretation.md; core_05_band_accountability.md; core_05_band_participation.md; core_06_rights_part_d.md](core_06_rights_part_d.md; core_08_a_system_alignment_certification_evaluation.md; core_09_standing_assessment.md; core_13_governance.md](core_13_governance.md,complete
